time,open,high,low,close
2025-10-01 00:00:00+00:00,114048.94,114551.76,113966.67,114176.92
2025-10-01 04:00:00+00:00,114176.93,114740.0,114151.0,114539.02
2025-10-01 08:00:00+00:00,114539.02,116795.85,114484.43,116789.58
2025-10-01 12:00:00+00:00,116789.57,117649.99,116363.38,117423.73
2025-10-01 16:00:00+00:00,117423.73,118199.0,116724.56,117439.53
2025-10-01 20:00:00+00:00,117439.53,118649.1,117163.25,118594.99
2025-10-02 00:00:00+00:00,118594.99,119456.92,118368.05,118733.99
2025-10-02 04:00:00+00:00,118733.99,118930.29,118279.31,118489.76
2025-10-02 08:00:00+00:00,118489.76,118926.49,118354.61,118765.73
2025-10-02 12:00:00+00:00,118765.72,119910.79,118516.39,119910.78
2025-10-02 16:00:00+00:00,119910.78,121022.07,119359.63,120836.49
2025-10-02 20:00:00+00:00,120836.49,120914.0,120072.46,120529.35
2025-10-03 00:00:00+00:00,120529.35,120550.9,119820.0,120225.89
2025-10-03 04:00:00+00:00,120225.88,120324.53,119610.59,119640.21
2025-10-03 08:00:00+00:00,119640.22,120515.89,119248.3,120334.5
2025-10-03 12:00:00+00:00,120334.51,122366.0,119881.24,122258.05
2025-10-03 16:00:00+00:00,122258.04,123894.99,121466.25,122660.99
2025-10-03 20:00:00+00:00,122661.0,122734.92,121999.33,122232.0
2025-10-04 00:00:00+00:00,122232.21,122325.6,121684.97,122243.99
2025-10-04 04:00:00+00:00,122243.99,122800.0,122219.3,122324.08
2025-10-04 08:00:00+00:00,122324.08,122539.83,121962.81,121973.26
2025-10-04 12:00:00+00:00,121973.26,122509.52,121698.88,121791.31
2025-10-04 16:00:00+00:00,121791.31,121964.95,121510.0,121959.25
2025-10-04 20:00:00+00:00,121959.25,122410.0,121871.01,122391.0
2025-10-05 00:00:00+00:00,122390.99,124362.28,122136.0,123776.22
2025-10-05 04:00:00+00:00,123776.23,125708.42,123734.0,124713.63
2025-10-05 08:00:00+00:00,124713.63,124838.37,122520.24,123464.64
2025-10-05 12:00:00+00:00,123464.64,123464.65,122675.0,122803.17
2025-10-05 16:00:00+00:00,122803.17,123464.0,122301.63,122591.79
2025-10-05 20:00:00+00:00,122591.8,123548.83,122473.62,123482.31
2025-10-06 00:00:00+00:00,123482.32,124358.46,123084.0,123839.09
2025-10-06 04:00:00+00:00,123839.09,124165.56,123280.49,123390.47
2025-10-06 08:00:00+00:00,123390.47,124531.66,123390.46,124215.0
2025-10-06 12:00:00+00:00,124215.0,125408.29,124178.0,125000.0
2025-10-06 16:00:00+00:00,125000.0,126199.63,124800.0,125410.81
2025-10-06 20:00:00+00:00,125410.8,125534.0,124511.15,124658.54
2025-10-07 00:00:00+00:00,124658.54,125082.27,124101.26,124329.74
2025-10-07 04:00:00+00:00,124329.74,124654.47,123567.6,123667.99
2025-10-07 08:00:00+00:00,123668.0,124509.6,123322.9,124453.38
2025-10-07 12:00:00+00:00,124453.37,125126.0,121172.89,121846.01
2025-10-07 16:00:00+00:00,121846.01,122084.14,120574.94,121637.17
2025-10-07 20:00:00+00:00,121637.18,122292.62,121258.08,121332.95
2025-10-08 00:00:00+00:00,121332.96,122229.66,121200.0,121374.75
2025-10-08 04:00:00+00:00,121374.76,121910.24,121066.14,121597.06
2025-10-08 08:00:00+00:00,121597.05,123200.0,121524.01,122884.14
2025-10-08 12:00:00+00:00,122884.14,123350.0,121649.68,122189.72
2025-10-08 16:00:00+00:00,122189.72,124197.25,122110.08,123450.0
2025-10-08 20:00:00+00:00,123450.01,123737.0,122794.4,123306.0
2025-10-09 00:00:00+00:00,123306.01,123348.32,121475.98,122038.01
2025-10-09 04:00:00+00:00,122038.01,122264.0,121724.71,121906.1
2025-10-09 08:00:00+00:00,121906.09,122833.02,121145.49,122737.57
2025-10-09 12:00:00+00:00,122737.56,123762.94,120673.99,121147.14
2025-10-09 16:00:00+00:00,121147.15,121481.9,119651.47,120951.72
2025-10-09 20:00:00+00:00,120951.72,121900.0,120838.0,121662.4
2025-10-10 00:00:00+00:00,121662.41,121874.13,120900.0,121026.01
2025-10-10 04:00:00+00:00,121026.0,121754.34,120855.41,120932.05
2025-10-10 08:00:00+00:00,120932.05,121777.07,120916.44,121554.55
2025-10-10 12:00:00+00:00,121554.55,122550.0,118500.0,119018.98
2025-10-10 16:00:00+00:00,119018.99,119456.28,115952.47,116661.5
2025-10-10 20:00:00+00:00,116661.5,117214.64,102000.0,112774.5
2025-10-11 00:00:00+00:00,112774.49,113322.39,111019.43,112300.01
2025-10-11 04:00:00+00:00,112300.0,112991.16,110090.29,110384.61
2025-10-11 08:00:00+00:00,110384.6,112359.67,110162.23,112280.0
2025-10-11 12:00:00+00:00,112280.01,112500.0,111793.2,111793.2
2025-10-11 16:00:00+00:00,111793.21,112185.53,110865.82,111178.31
2025-10-11 20:00:00+00:00,111178.3,111368.29,109561.59,110644.4
2025-10-12 00:00:00+00:00,110644.4,111368.14,109565.06,110676.0
2025-10-12 04:00:00+00:00,110676.0,112125.51,110617.1,111525.2
2025-10-12 08:00:00+00:00,111525.19,112133.33,111139.87,111848.36
2025-10-12 12:00:00+00:00,111848.35,113745.84,111177.75,113198.2
2025-10-12 16:00:00+00:00,113198.2,114700.0,113198.2,114342.28
2025-10-12 20:00:00+00:00,114342.28,115770.0,114217.75,114958.8
2025-10-13 00:00:00+00:00,114958.81,115963.81,114619.45,114821.12
2025-10-13 04:00:00+00:00,114821.13,115554.83,114398.24,115399.67
2025-10-13 08:00:00+00:00,115399.66,115438.17,113616.5,114180.0
2025-10-13 12:00:00+00:00,114180.0,115530.0,113800.01,114312.1
2025-10-13 16:00:00+00:00,114312.09,115891.3,114215.79,115792.84
2025-10-13 20:00:00+00:00,115792.84,115868.0,115005.44,115166.0
2025-10-14 00:00:00+00:00,115166.0,115409.96,113279.76,113500.0
2025-10-14 04:00:00+00:00,113500.0,113691.0,111355.01,111724.41
2025-10-14 08:00:00+00:00,111724.41,112140.0,110012.24,111313.98
2025-10-14 12:00:00+00:00,111313.98,112943.82,109866.0,112900.43
2025-10-14 16:00:00+00:00,112900.44,113544.53,111692.31,112613.7
2025-10-14 20:00:00+00:00,112613.69,113577.0,112230.46,113028.14
2025-10-15 00:00:00+00:00,113028.13,113612.35,111825.93,112024.29
2025-10-15 04:00:00+00:00,112024.3,112680.0,111746.76,112584.5
2025-10-15 08:00:00+00:00,112584.49,113520.88,111693.26,111905.73
2025-10-15 12:00:00+00:00,111905.72,112238.41,110400.0,110798.01
2025-10-15 16:00:00+00:00,110798.01,111557.7,110164.0,111271.73
2025-10-15 20:00:00+00:00,111271.73,111556.27,110500.0,110763.28
2025-10-16 00:00:00+00:00,110763.28,111867.17,110361.0,111329.48
2025-10-16 04:00:00+00:00,111329.48,111773.7,110553.19,110584.2
2025-10-16 08:00:00+00:00,110584.21,111728.7,109635.15,111404.72
2025-10-16 12:00:00+00:00,111404.73,111982.45,108361.69,108549.21
2025-10-16 16:00:00+00:00,108549.21,109254.0,107577.57,108197.66
2025-10-16 20:00:00+00:00,108197.67,108500.0,107427.0,108194.28
2025-10-17 00:00:00+00:00,108194.27,109240.0,107934.4,109176.74
2025-10-17 04:00:00+00:00,109176.74,109236.01,105542.09,105633.75
2025-10-17 08:00:00+00:00,105633.75,106651.22,103528.23,105683.72
2025-10-17 12:00:00+00:00,105683.71,106852.14,104533.21,106803.53
2025-10-17 16:00:00+00:00,106803.52,107575.6,106071.42,106454.72
2025-10-17 20:00:00+00:00,106457.24,107440.02,106342.47,106431.68
2025-10-18 00:00:00+00:00,106431.68,107306.06,106322.2,107070.4
2025-10-18 04:00:00+00:00,107070.41,107499.0,106439.38,106665.0
2025-10-18 08:00:00+00:00,106665.01,107222.0,106605.93,107208.6
2025-10-18 12:00:00+00:00,107208.61,107300.0,106739.33,106948.75
2025-10-18 16:00:00+00:00,106948.75,107091.87,106484.0,107080.14
2025-10-18 20:00:00+00:00,107080.14,107339.03,106851.84,107185.01
2025-10-19 00:00:00+00:00,107185.0,107367.16,106734.17,107275.78
2025-10-19 04:00:00+00:00,107275.79,107290.0,106558.61,106786.0
2025-10-19 08:00:00+00:00,106786.0,108260.5,106103.36,107783.47
2025-10-19 12:00:00+00:00,107783.47,108621.68,107355.02,108486.7
2025-10-19 16:00:00+00:00,108486.71,109450.07,108240.0,108908.43
2025-10-19 20:00:00+00:00,108908.43,109370.99,108471.1,108642.78
2025-10-20 00:00:00+00:00,108642.77,110427.86,107402.52,110145.44
2025-10-20 04:00:00+00:00,110145.45,111445.67,109951.96,111169.92
2025-10-20 08:00:00+00:00,111169.91,111679.25,110608.27,111016.75
2025-10-20 12:00:00+00:00,111016.75,111705.56,110588.23,111144.55
2025-10-20 16:00:00+00:00,111144.55,111303.05,109855.83,110803.22
2025-10-20 20:00:00+00:00,110803.22,111272.0,110418.25,110532.09
2025-10-21 00:00:00+00:00,110532.09,110532.09,109052.09,109059.22
2025-10-21 04:00:00+00:00,109059.23,109059.23,107473.72,108086.37
2025-10-21 08:00:00+00:00,108086.38,108811.47,107484.22,108580.01
2025-10-21 12:00:00+00:00,108580.0,113557.62,107922.06,113422.61
2025-10-21 16:00:00+00:00,113422.6,114000.0,111324.29,111780.39
2025-10-21 20:00:00+00:00,111780.4,111801.41,108045.81,108297.67
2025-10-22 00:00:00+00:00,108297.66,108678.21,107841.2,108216.02
2025-10-22 04:00:00+00:00,108216.03,108638.99,107610.0,108321.63
2025-10-22 08:00:00+00:00,108321.64,108358.76,106708.18,107555.05
2025-10-22 12:00:00+00:00,107555.04,109163.88,107443.01,108416.5
2025-10-22 16:00:00+00:00,108416.5,108796.42,107463.29,107870.35
2025-10-22 20:00:00+00:00,107870.35,108069.93,106666.69,107567.44
2025-10-23 00:00:00+00:00,107567.45,108720.39,107500.0,108377.96
2025-10-23 04:00:00+00:00,108377.96,110298.29,108350.36,109269.9
2025-10-23 08:00:00+00:00,109269.9,109903.83,109100.4,109253.89
2025-10-23 12:00:00+00:00,109253.88,110109.99,108685.72,109908.28
2025-10-23 16:00:00+00:00,109908.29,111293.61,109647.34,110200.0
2025-10-23 20:00:00+00:00,110200.01,110200.01,109341.28,110078.18
2025-10-24 00:00:00+00:00,110078.19,110829.67,109983.93,110441.46
2025-10-24 04:00:00+00:00,110441.46,111522.3,110332.0,111054.61
2025-10-24 08:00:00+00:00,111054.61,111482.99,110600.0,111066.29
2025-10-24 12:00:00+00:00,111066.29,112104.98,109700.01,110046.91
2025-10-24 16:00:00+00:00,110046.92,110945.39,109797.13,110615.07
2025-10-24 20:00:00+00:00,110615.07,111138.62,110478.0,111004.89
2025-10-25 00:00:00+00:00,111004.9,111226.67,110672.86,111029.99
2025-10-25 04:00:00+00:00,111029.99,111820.87,111029.99,111489.6
2025-10-25 08:00:00+00:00,111489.59,111850.13,111375.81,111563.81
2025-10-25 12:00:00+00:00,111563.81,111943.19,111311.19,111385.18
2025-10-25 16:00:00+00:00,111385.18,111731.78,111164.39,111623.45
2025-10-25 20:00:00+00:00,111623.46,111683.64,111342.25,111646.27
2025-10-26 00:00:00+00:00,111646.27,111899.56,111260.45,111260.46
2025-10-26 04:00:00+00:00,111260.46,111724.96,111260.46,111723.98
2025-10-26 08:00:00+00:00,111723.98,113466.23,111708.63,113286.09
2025-10-26 12:00:00+00:00,113286.09,114000.0,113279.85,113694.97
2025-10-26 16:00:00+00:00,113694.97,113793.93,113290.62,113585.99
2025-10-26 20:00:00+00:00,113585.98,115466.8,112901.0,114559.4
2025-10-27 00:00:00+00:00,114559.41,115445.39,114362.26,114958.51
2025-10-27 04:00:00+00:00,114958.52,116400.0,114938.01,115554.6
2025-10-27 08:00:00+00:00,115554.59,115607.48,114814.69,115362.02
2025-10-27 12:00:00+00:00,115362.02,115437.48,114503.99,114969.68
2025-10-27 16:00:00+00:00,114969.68,115790.0,114790.81,114942.64
2025-10-27 20:00:00+00:00,114942.64,114942.64,113830.01,114107.65
2025-10-28 00:00:00+00:00,114107.65,114547.2,113569.91,113908.24
2025-10-28 04:00:00+00:00,113908.25,114364.99,113483.3,114188.37
2025-10-28 08:00:00+00:00,114188.38,114673.68,114113.3,114357.73
2025-10-28 12:00:00+00:00,114357.72,116086.0,114138.06,114641.38
2025-10-28 16:00:00+00:00,114641.38,115591.41,113566.44,113689.99
2025-10-28 20:00:00+00:00,113689.0,113703.32,112211.0,112898.45
2025-10-29 00:00:00+00:00,112898.44,112975.75,112100.0,112523.49
2025-10-29 04:00:00+00:00,112523.49,113577.9,112505.58,113577.9
2025-10-29 08:00:00+00:00,113577.9,113624.12,112732.91,113132.36
2025-10-29 12:00:00+00:00,113132.35,113643.73,111401.5,111509.74
2025-10-29 16:00:00+00:00,111509.74,112030.23,109200.0,110640.0
2025-10-29 20:00:00+00:00,110640.0,111800.0,109733.22,110021.29
2025-10-30 00:00:00+00:00,110021.3,111011.99,109703.43,110751.47
2025-10-30 04:00:00+00:00,110751.48,111592.0,107925.06,111366.72
2025-10-30 08:00:00+00:00,111366.72,111467.01,109692.3,109717.29
2025-10-30 12:00:00+00:00,109717.19,109777.93,107328.0,107711.56
2025-10-30 16:00:00+00:00,107711.56,108214.85,106304.34,106536.39
2025-10-30 20:00:00+00:00,106536.39,108334.53,106316.17,108322.88
2025-10-31 00:00:00+00:00,108322.87,110042.16,108275.28,109227.86
2025-10-31 04:00:00+00:00,109227.87,110215.0,109114.88,109449.31
2025-10-31 08:00:00+00:00,109449.32,110550.0,109214.13,110415.61
2025-10-31 12:00:00+00:00,110415.62,111190.0,109366.91,110202.9
2025-10-31 16:00:00+00:00,110202.9,110300.0,108635.0,109828.78
2025-10-31 20:00:00+00:00,109828.78,109828.79,109329.15,109608.01
2025-11-01 00:00:00+00:00,109608.01,110315.54,109394.81,110226.37
2025-11-01 04:00:00+00:00,110226.38,110564.49,109933.86,110071.4
2025-11-01 08:00:00+00:00,110071.4,110270.9,109854.72,110137.59
2025-11-01 12:00:00+00:00,110137.59,110348.0,109702.66,110310.65
2025-11-01 16:00:00+00:00,110310.65,110529.99,110192.0,110299.99
2025-11-01 20:00:00+00:00,110300.0,110516.17,109858.44,110098.1
2025-11-02 00:00:00+00:00,110098.1,110263.91,109879.39,110053.23
2025-11-02 04:00:00+00:00,110053.22,111045.09,110030.06,110895.53
2025-11-02 08:00:00+00:00,110895.53,111229.78,110346.15,111196.99
2025-11-02 12:00:00+00:00,111196.99,111250.01,110096.32,110117.48
2025-11-02 16:00:00+00:00,110117.49,110331.0,109735.59,110180.84
2025-11-02 20:00:00+00:00,110180.85,110742.26,109471.34,110540.68
2025-11-03 00:00:00+00:00,110540.69,110750.0,107907.44,107937.45
2025-11-03 04:00:00+00:00,107937.45,108075.0,107006.05,107468.23
2025-11-03 08:00:00+00:00,107468.23,107920.92,106726.63,107787.42
2025-11-03 12:00:00+00:00,107787.42,108333.0,105511.0,105745.71
2025-11-03 16:00:00+00:00,105745.71,107783.2,105306.56,107090.0
2025-11-03 20:00:00+00:00,107090.0,107169.68,105755.59,106583.04
2025-11-04 00:00:00+00:00,106583.05,107298.74,105852.37,107158.79
2025-11-04 04:00:00+00:00,107158.79,107299.0,104200.0,104490.72
2025-11-04 08:00:00+00:00,104490.73,104699.07,103605.0,104584.76
2025-11-04 12:00:00+00:00,104584.75,104842.63,102915.05,103197.01
2025-11-04 16:00:00+00:00,103197.02,103500.05,100010.73,100542.64
2025-11-04 20:00:00+00:00,100542.64,101893.09,98944.36,101497.22
2025-11-05 00:00:00+00:00,101497.23,102272.23,98966.8,102130.0
2025-11-05 04:00:00+00:00,102130.0,102370.0,101500.0,101993.02
2025-11-05 08:00:00+00:00,101993.03,102203.48,101176.47,102070.61
2025-11-05 12:00:00+00:00,102070.62,103798.37,101916.77,103728.3
2025-11-05 16:00:00+00:00,103728.3,104529.41,103057.56,104008.09
2025-11-05 20:00:00+00:00,104008.09,104534.74,103305.05,103885.16
2025-11-06 00:00:00+00:00,103885.16,103933.33,102716.26,103636.03
2025-11-06 04:00:00+00:00,103636.92,104200.0,102910.66,103185.48
2025-11-06 08:00:00+00:00,103184.75,103440.0,102651.63,103227.58
2025-11-06 12:00:00+00:00,103227.59,103626.46,101630.0,102014.48
2025-11-06 16:00:00+00:00,102014.49,102393.51,100300.95,101388.81
2025-11-06 20:00:00+00:00,101388.82,101643.28,100541.17,101346.04
2025-11-07 00:00:00+00:00,101346.04,102500.0,100749.94,101916.29
2025-11-07 04:00:00+00:00,101916.3,102527.0,101582.92,102010.0
2025-11-07 08:00:00+00:00,102009.99,102050.0,99803.58,100411.89
2025-11-07 12:00:00+00:00,100411.89,101253.99,99260.86,100797.95
2025-11-07 16:00:00+00:00,100797.95,103395.25,100517.06,103395.25
2025-11-07 20:00:00+00:00,103395.92,104096.36,102958.0,103339.08
2025-11-08 00:00:00+00:00,103339.09,103406.22,102539.49,102592.76
2025-11-08 04:00:00+00:00,102592.76,102836.0,101902.64,102352.96
2025-11-08 08:00:00+00:00,102352.96,102687.72,101715.76,101857.1
2025-11-08 12:00:00+00:00,101857.1,102186.99,101454.0,101711.45
2025-11-08 16:00:00+00:00,101711.46,102219.39,101522.08,101989.65
2025-11-08 20:00:00+00:00,101989.65,102482.2,101957.94,102312.94
2025-11-09 00:00:00+00:00,102312.95,102337.89,101400.0,101662.05
2025-11-09 04:00:00+00:00,101662.05,102130.61,101635.96,101944.59
2025-11-09 08:00:00+00:00,101944.6,102307.68,101500.0,102239.41
2025-11-09 12:00:00+00:00,102239.41,104168.0,102050.64,103762.17
2025-11-09 16:00:00+00:00,103762.18,104805.57,103316.23,104805.57
2025-11-09 20:00:00+00:00,104805.57,105495.62,104058.59,104722.96
2025-11-10 00:00:00+00:00,104722.95,106670.11,104265.02,106027.97
2025-11-10 04:00:00+00:00,106027.97,106539.4,105846.26,106461.45
2025-11-10 08:00:00+00:00,106461.46,106599.47,105836.0,106176.5
2025-11-10 12:00:00+00:00,106176.5,106589.89,104667.0,105079.99
2025-11-10 16:00:00+00:00,105079.99,106094.31,104784.36,105817.99
2025-11-10 20:00:00+00:00,105818.0,106299.22,105280.0,106011.13
2025-11-11 00:00:00+00:00,106011.13,107500.0,105500.0,106456.0
2025-11-11 04:00:00+00:00,106456.0,106546.0,104741.2,104783.98
2025-11-11 08:00:00+00:00,104783.99,105497.99,104762.23,105311.9
2025-11-11 12:00:00+00:00,105311.9,105500.0,103170.33,103455.99
2025-11-11 16:00:00+00:00,103455.99,103730.0,102840.22,103126.39
2025-11-11 20:00:00+00:00,103126.39,103224.29,102476.09,103058.99
2025-11-12 00:00:00+00:00,103059.0,103440.96,102687.72,103310.0
2025-11-12 04:00:00+00:00,103310.0,103654.38,103011.0,103112.66
2025-11-12 08:00:00+00:00,103112.65,105200.0,103112.24,105020.83
2025-11-12 12:00:00+00:00,105020.82,105333.33,101961.97,102173.51
2025-11-12 16:00:00+00:00,102173.51,102285.18,100813.59,101297.31
2025-11-12 20:00:00+00:00,101297.31,101999.35,101141.03,101654.37
2025-11-13 00:00:00+00:00,101654.37,102604.0,100922.55,102130.21
2025-11-13 04:00:00+00:00,102130.21,104085.01,101665.59,103475.66
2025-11-13 08:00:00+00:00,103475.66,103811.49,102553.63,102936.5
2025-11-13 12:00:00+00:00,102936.49,103483.83,101184.14,101382.64
2025-11-13 16:00:00+00:00,101382.63,101540.93,98147.4,98682.14
2025-11-13 20:00:00+00:00,98682.13,100501.31,98000.4,99692.02
2025-11-14 00:00:00+00:00,99692.03,99866.02,98700.0,99139.38
2025-11-14 04:00:00+00:00,99139.38,99178.58,95933.75,97151.98
2025-11-14 08:00:00+00:00,97151.97,97553.7,95711.0,96167.44
2025-11-14 12:00:00+00:00,96167.45,97322.35,94560.48,96796.14
2025-11-14 16:00:00+00:00,96796.14,97411.11,94800.55,95778.29
2025-11-14 20:00:00+00:00,95778.3,95940.0,94012.45,94594.0
2025-11-15 00:00:00+00:00,94594.0,96846.68,94558.49,96417.12
2025-11-15 04:00:00+00:00,96417.12,96570.65,95921.21,96333.86
2025-11-15 08:00:00+00:00,96333.87,96350.52,95630.0,95696.87
2025-11-15 12:00:00+00:00,95696.86,96471.22,95565.17,96260.0
2025-11-15 16:00:00+00:00,96259.99,96419.65,95731.32,96012.01
2025-11-15 20:00:00+00:00,96012.01,96012.01,95119.94,95596.24
2025-11-16 00:00:00+00:00,95596.23,95979.79,94841.62,95825.02
2025-11-16 04:00:00+00:00,95825.02,96192.0,95650.72,96099.99
2025-11-16 08:00:00+00:00,96099.98,96635.11,95500.0,95627.13
2025-11-16 12:00:00+00:00,95627.13,95900.0,94368.24,94573.46
2025-11-16 16:00:00+00:00,94573.46,95567.79,93770.48,94020.0
2025-11-16 20:00:00+00:00,94020.49,94739.74,93005.55,94261.44
2025-11-17 00:00:00+00:00,94261.45,95559.99,93767.27,95496.77
2025-11-17 04:00:00+00:00,95496.77,95880.0,94849.37,95653.77
2025-11-17 08:00:00+00:00,95653.78,96026.71,95309.68,95565.38
2025-11-17 12:00:00+00:00,95565.38,96043.0,93571.3,93959.67
2025-11-17 16:00:00+00:00,93959.68,94419.88,91588.0,91678.93
2025-11-17 20:00:00+00:00,91678.93,92399.48,91220.0,92215.14
2025-11-18 00:00:00+00:00,92215.14,92357.51,89700.0,90842.72
2025-11-18 04:00:00+00:00,90842.72,90851.66,89253.78,90512.1
2025-11-18 08:00:00+00:00,90512.1,91617.17,90509.79,91517.82
2025-11-18 12:00:00+00:00,91517.83,93049.91,90905.7,92910.1
2025-11-18 16:00:00+00:00,92910.1,93836.01,92579.23,93195.61
2025-11-18 20:00:00+00:00,93195.61,93423.74,92462.72,92960.83
2025-11-19 00:00:00+00:00,92960.83,92980.22,91660.49,91874.52
2025-11-19 04:00:00+00:00,91874.51,92028.92,90025.06,91863.64
2025-11-19 08:00:00+00:00,91863.64,91950.0,91072.41,91410.22
2025-11-19 12:00:00+00:00,91410.23,92384.61,89880.0,89951.7
2025-11-19 16:00:00+00:00,89951.7,90232.56,88630.71,88884.56
2025-11-19 20:00:00+00:00,88884.56,91594.0,88608.0,91554.96
2025-11-20 00:00:00+00:00,91554.96,92798.14,91185.26,92440.32
2025-11-20 04:00:00+00:00,92440.33,93160.0,91687.07,92320.18
2025-11-20 08:00:00+00:00,92320.18,92400.94,91440.55,91934.0
2025-11-20 12:00:00+00:00,91934.01,92541.92,89835.34,89869.88
2025-11-20 16:00:00+00:00,89869.88,89911.73,86100.0,86921.28
2025-11-20 20:00:00+00:00,86921.27,88250.0,86325.23,86637.23
2025-11-21 00:00:00+00:00,86637.22,87498.94,85360.0,85821.34
2025-11-21 04:00:00+00:00,85821.35,86459.53,82000.0,84049.39
2025-11-21 08:00:00+00:00,84049.38,84709.89,81648.0,82309.66
2025-11-21 12:00:00+00:00,82309.67,85496.0,80600.0,82932.47
2025-11-21 16:00:00+00:00,82932.46,85572.82,82333.0,84209.3
2025-11-21 20:00:00+00:00,84209.3,85416.66,83464.96,85129.43
2025-11-22 00:00:00+00:00,85129.42,85620.0,84212.39,84440.47
2025-11-22 04:00:00+00:00,84440.48,84799.54,83832.91,84580.06
2025-11-22 08:00:00+00:00,84580.06,84586.62,83500.0,84098.94
2025-11-22 12:00:00+00:00,84098.94,84755.83,83620.16,84284.01
2025-11-22 16:00:00+00:00,84284.01,84899.0,84219.62,84609.76
2025-11-22 20:00:00+00:00,84609.77,85260.0,84237.7,84739.74
2025-11-23 00:00:00+00:00,84739.75,86349.84,84667.57,86308.54
2025-11-23 04:00:00+00:00,86308.54,86860.0,85420.0,85782.19
2025-11-23 08:00:00+00:00,85782.18,86465.24,85768.22,86331.28
2025-11-23 12:00:00+00:00,86331.28,87244.51,86271.1,87087.44
2025-11-23 16:00:00+00:00,87087.44,87689.47,86502.47,87325.01
2025-11-23 20:00:00+00:00,87325.01,88127.64,86701.54,86830.0
2025-11-24 00:00:00+00:00,86830.0,88059.44,85946.65,87460.02
2025-11-24 04:00:00+00:00,87460.03,87837.57,86450.0,87050.39
2025-11-24 08:00:00+00:00,87050.39,87050.39,85696.56,86264.72
2025-11-24 12:00:00+00:00,86264.71,86741.5,85272.0,86616.44
2025-11-24 16:00:00+00:00,86616.44,88834.62,86616.43,88327.29
2025-11-24 20:00:00+00:00,88327.29,89228.0,88252.5,88300.01
2025-11-25 00:00:00+00:00,88300.01,88300.01,87457.53,87822.12
2025-11-25 04:00:00+00:00,87822.12,88519.99,87300.0,87384.81
2025-11-25 08:00:00+00:00,87384.81,87606.57,86666.0,87361.71
2025-11-25 12:00:00+00:00,87361.71,87792.2,86116.0,86988.94
2025-11-25 16:00:00+00:00,86988.93,88155.65,86182.49,86882.85
2025-11-25 20:00:00+00:00,86882.84,87889.38,86565.48,87369.96
2025-11-26 00:00:00+00:00,87369.97,88224.0,87069.97,87119.92
2025-11-26 04:00:00+00:00,87119.93,87970.0,86909.99,87935.05
2025-11-26 08:00:00+00:00,87935.05,87941.58,86670.36,87095.79
2025-11-26 12:00:00+00:00,87095.78,87693.21,86306.77,86978.0
2025-11-26 16:00:00+00:00,86977.99,90418.39,86956.61,89957.36
2025-11-26 20:00:00+00:00,89957.37,90656.08,89508.85,90484.02
2025-11-27 00:00:00+00:00,90484.01,91950.0,90089.91,91091.68
2025-11-27 04:00:00+00:00,91091.68,91554.49,90889.11,91408.34
2025-11-27 08:00:00+00:00,91408.34,91940.18,91221.17,91371.88
2025-11-27 12:00:00+00:00,91371.87,91457.36,90438.43,90958.3
2025-11-27 16:00:00+00:00,90958.29,91843.59,90850.77,91528.21
2025-11-27 20:00:00+00:00,91528.22,91600.0,91114.52,91333.95
2025-11-28 00:00:00+00:00,91333.94,91417.99,90652.55,91208.85
2025-11-28 04:00:00+00:00,91208.85,91707.79,90867.43,90910.87
2025-11-28 08:00:00+00:00,90910.87,92030.0,90907.98,91437.64
2025-11-28 12:00:00+00:00,91437.64,93092.0,91380.94,92362.49
2025-11-28 16:00:00+00:00,92362.5,92376.0,90180.63,91157.44
2025-11-28 20:00:00+00:00,91157.44,91247.16,90705.57,90890.7
2025-11-29 00:00:00+00:00,90890.71,91119.99,90546.36,90680.26
2025-11-29 04:00:00+00:00,90680.26,90931.56,90311.92,90567.67
2025-11-29 08:00:00+00:00,90567.66,90738.17,90376.37,90673.19
2025-11-29 12:00:00+00:00,90673.2,91110.36,90530.93,91063.5
2025-11-29 16:00:00+00:00,91063.5,91165.65,90155.47,90640.78
2025-11-29 20:00:00+00:00,90640.77,91051.87,90400.21,90802.44
2025-11-30 00:00:00+00:00,90802.44,91055.5,90471.0,90909.35
2025-11-30 04:00:00+00:00,90909.35,91037.72,90670.4,90968.16
2025-11-30 08:00:00+00:00,90968.16,91632.0,90927.16,91048.78
2025-11-30 12:00:00+00:00,91048.79,92000.01,91009.0,91435.31
2025-11-30 16:00:00+00:00,91435.31,91850.0,91159.42,91460.79
2025-11-30 20:00:00+00:00,91460.79,91626.75,90336.9,90360.0
2025-12-01 00:00:00+00:00,90360.01,90417.0,86161.61,86346.13
2025-12-01 04:00:00+00:00,86346.13,86578.06,85604.0,86550.3
2025-12-01 08:00:00+00:00,86550.3,86938.01,86131.01,86149.15
2025-12-01 12:00:00+00:00,86146.59,86674.0,83822.76,84677.87
2025-12-01 16:00:00+00:00,84677.87,85555.0,84030.95,85024.5
2025-12-01 20:00:00+00:00,85024.5,86860.0,85007.69,86286.01
2025-12-02 00:00:00+00:00,86286.01,87350.0,86184.39,86976.99
2025-12-02 04:00:00+00:00,86977.0,87288.48,86818.14,87012.65
2025-12-02 08:00:00+00:00,87012.64,87628.78,86296.21,87368.92
2025-12-02 12:00:00+00:00,87368.92,91200.0,87032.75,90850.01
2025-12-02 16:00:00+00:00,90850.01,92307.65,90201.0,91903.39
2025-12-02 20:00:00+00:00,91903.38,92000.0,90720.87,91277.88
2025-12-03 00:00:00+00:00,91277.88,93087.09,90990.23,92628.91
2025-12-03 04:00:00+00:00,92628.91,93958.58,92625.0,92999.99
2025-12-03 08:00:00+00:00,93000.0,93389.62,92666.0,93005.68
2025-12-03 12:00:00+00:00,93005.68,93700.0,91697.0,92373.3
2025-12-03 16:00:00+00:00,92373.3,93500.0,91786.99,93024.99
2025-12-03 20:00:00+00:00,93025.0,94150.0,92825.56,93429.95
2025-12-04 00:00:00+00:00,93429.95,94080.0,92669.82,93543.04
2025-12-04 04:00:00+00:00,93543.03,93588.48,92775.0,93397.67
2025-12-04 08:00:00+00:00,93397.67,93621.31,92736.9,92948.31
2025-12-04 12:00:00+00:00,92948.32,93257.0,91801.0,92971.49
2025-12-04 16:00:00+00:00,92971.49,93174.55,90889.0,91975.44
2025-12-04 20:00:00+00:00,91975.43,92718.53,91688.92,92078.06
2025-12-05 00:00:00+00:00,92078.06,92692.36,91959.92,92142.75
2025-12-05 04:00:00+00:00,92142.75,92497.51,91813.37,92258.65
2025-12-05 08:00:00+00:00,92258.64,92258.65,90956.25,91351.43
2025-12-05 12:00:00+00:00,91351.44,91478.67,89874.7,90459.35
2025-12-05 16:00:00+00:00,90459.34,90498.59,88056.0,89629.26
2025-12-05 20:00:00+00:00,89629.27,89745.37,88901.6,89330.04
2025-12-06 00:00:00+00:00,89330.04,89806.43,89030.67,89688.35
2025-12-06 04:00:00+00:00,89688.35,89764.19,89459.19,89597.13
2025-12-06 08:00:00+00:00,89597.14,89750.01,89217.59,89631.28
2025-12-06 12:00:00+00:00,89631.29,90289.97,89490.98,89758.77
2025-12-06 16:00:00+00:00,89758.77,89981.2,89077.6,89405.64
2025-12-06 20:00:00+00:00,89405.65,89615.34,88908.01,89236.79
2025-12-07 00:00:00+00:00,89236.8,89749.59,89176.52,89722.37
2025-12-07 04:00:00+00:00,89722.37,89799.96,89200.0,89379.72
2025-12-07 08:00:00+00:00,89379.73,89538.7,89050.01,89149.18
2025-12-07 12:00:00+00:00,89149.18,89707.54,87719.28,89554.52
2025-12-07 16:00:00+00:00,89554.52,91760.0,89115.85,91425.52
2025-12-07 20:00:00+00:00,91425.51,91510.4,88995.33,90395.31
2025-12-08 00:00:00+00:00,90395.32,91700.0,89860.0,91068.29
2025-12-08 04:00:00+00:00,91068.3,91868.76,91023.06,91565.46
2025-12-08 08:00:00+00:00,91565.46,92287.15,91486.46,91968.29
2025-12-08 12:00:00+00:00,91968.29,92122.08,89612.0,89961.37
2025-12-08 16:00:00+00:00,89961.36,90527.3,89679.79,90124.48
2025-12-08 20:00:00+00:00,90124.49,91374.0,90124.49,90634.34
2025-12-09 00:00:00+00:00,90634.35,90846.26,89795.84,90405.01
2025-12-09 04:00:00+00:00,90405.02,90528.67,89500.0,90496.8
2025-12-09 08:00:00+00:00,90496.8,90600.0,89912.48,90384.55
2025-12-09 12:00:00+00:00,90384.54,92876.92,90004.73,92707.51
2025-12-09 16:00:00+00:00,92707.5,94588.99,92693.5,93800.83
2025-12-09 20:00:00+00:00,93800.83,93857.47,92254.92,92678.8
2025-12-10 00:00:00+00:00,92678.81,92786.35,91976.0,92410.62
2025-12-10 04:00:00+00:00,92410.62,92782.92,92386.83,92782.91
2025-12-10 08:00:00+00:00,92782.91,93291.5,91763.69,92120.45
2025-12-10 12:00:00+00:00,92120.45,92226.0,91563.15,92063.69
2025-12-10 16:00:00+00:00,92063.69,93243.59,91684.39,92957.67
2025-12-10 20:00:00+00:00,92957.67,94476.0,91878.0,92015.37
2025-12-11 00:00:00+00:00,92015.38,92080.32,89389.63,89880.01
2025-12-11 04:00:00+00:00,89880.0,90480.14,89694.81,90272.75
2025-12-11 08:00:00+00:00,90272.76,90504.19,89971.11,90242.35
2025-12-11 12:00:00+00:00,90242.36,90653.33,89260.63,89872.51
2025-12-11 16:00:00+00:00,89872.51,91538.26,89333.0,90839.81
2025-12-11 20:00:00+00:00,90839.81,93555.0,90797.76,92513.38
2025-12-12 00:00:00+00:00,92513.38,92754.0,91448.31,92283.4
2025-12-12 04:00:00+00:00,92283.4,92720.0,92078.91,92425.34
2025-12-12 08:00:00+00:00,92425.33,92650.01,92044.8,92418.19
2025-12-12 12:00:00+00:00,92418.19,92660.74,89780.0,89935.14
2025-12-12 16:00:00+00:00,89935.13,90666.0,89480.0,90198.22
2025-12-12 20:00:00+00:00,90198.23,90404.13,89898.61,90268.42
2025-12-13 00:00:00+00:00,90268.43,90469.71,90120.0,90345.54
2025-12-13 04:00:00+00:00,90345.55,90410.5,90268.91,90329.97
2025-12-13 08:00:00+00:00,90329.98,90634.55,90290.0,90330.36
2025-12-13 12:00:00+00:00,90330.36,90470.3,89932.99,90092.16
2025-12-13 16:00:00+00:00,90092.17,90268.13,89981.0,90178.16
2025-12-13 20:00:00+00:00,90178.17,90280.76,89766.39,90240.01
2025-12-14 00:00:00+00:00,90240.0,90472.4,90117.05,90258.98
2025-12-14 04:00:00+00:00,90258.99,90329.24,90050.74,90245.6
2025-12-14 08:00:00+00:00,90245.6,90280.01,88687.27,89360.0
2025-12-14 12:00:00+00:00,89360.01,89666.0,88882.66,89022.91
2025-12-14 16:00:00+00:00,89022.92,89398.71,88497.02,88644.88
2025-12-14 20:00:00+00:00,88644.88,88827.71,87577.36,88172.17
2025-12-15 00:00:00+00:00,88172.16,90052.64,88074.37,89282.6
2025-12-15 04:00:00+00:00,89282.6,89918.48,89272.88,89753.42
2025-12-15 08:00:00+00:00,89753.43,89986.68,89572.05,89641.28
2025-12-15 12:00:00+00:00,89641.28,89876.42,86621.91,87033.22
2025-12-15 16:00:00+00:00,87033.21,87220.0,85146.64,86149.96
2025-12-15 20:00:00+00:00,86149.96,86472.7,85530.01,86432.08
2025-12-16 00:00:00+00:00,86432.08,86535.22,85386.0,85875.92
2025-12-16 04:00:00+00:00,85875.91,86615.38,85266.0,86021.51
2025-12-16 08:00:00+00:00,86021.51,87330.0,85930.97,87261.45
2025-12-16 12:00:00+00:00,87261.46,88175.98,86107.43,87977.43
2025-12-16 16:00:00+00:00,87977.44,88050.17,87061.23,87585.77
2025-12-16 20:00:00+00:00,87585.76,87931.48,87343.75,87863.42
2025-12-17 00:00:00+00:00,87863.43,87950.0,87150.01,87213.59
2025-12-17 04:00:00+00:00,87213.6,87398.54,86209.11,87045.59
2025-12-17 08:00:00+00:00,87045.59,87137.42,86238.91,86983.26
2025-12-17 12:00:00+00:00,86983.26,90365.85,86817.27,87233.44
2025-12-17 16:00:00+00:00,87233.44,87769.23,85314.0,86018.53
2025-12-17 20:00:00+00:00,86018.53,86431.14,85644.09,86243.22
2025-12-18 00:00:00+00:00,86243.23,86863.75,85863.93,86618.34
2025-12-18 04:00:00+00:00,86618.35,86901.4,86384.61,86833.84
2025-12-18 08:00:00+00:00,86833.83,87453.63,86685.14,87300.74
2025-12-18 12:00:00+00:00,87300.5,89477.61,87109.76,88513.44
2025-12-18 16:00:00+00:00,88513.43,88533.61,84481.31,84483.79
2025-12-18 20:00:00+00:00,84483.8,85835.9,84450.01,85516.41
2025-12-19 00:00:00+00:00,85516.41,87568.99,85110.24,86891.39
2025-12-19 04:00:00+00:00,86891.39,88449.06,86647.51,87953.4
2025-12-19 08:00:00+00:00,87953.39,88385.06,87742.6,88198.7
2025-12-19 12:00:00+00:00,88198.7,89399.97,87514.59,87951.87
2025-12-19 16:00:00+00:00,87951.86,88882.55,86846.16,87845.92
2025-12-19 20:00:00+00:00,87845.92,88426.85,87614.79,88136.94
2025-12-20 00:00:00+00:00,88136.95,88339.27,87961.6,88214.98
2025-12-20 04:00:00+00:00,88214.98,88573.07,88123.07,88275.41
2025-12-20 08:00:00+00:00,88275.41,88428.0,88107.35,88277.66
2025-12-20 12:00:00+00:00,88277.66,88343.73,87795.76,88178.71
2025-12-20 16:00:00+00:00,88178.72,88418.73,88103.54,88232.92
2025-12-20 20:00:00+00:00,88232.92,88443.44,88154.06,88360.9
2025-12-21 00:00:00+00:00,88360.91,88433.64,87869.35,88070.64
2025-12-21 04:00:00+00:00,88070.64,88201.59,88050.0,88174.79
2025-12-21 08:00:00+00:00,88174.79,89081.77,88141.87,88601.57
2025-12-21 12:00:00+00:00,88601.57,88920.01,87600.04,88067.95
2025-12-21 16:00:00+00:00,88067.96,88600.0,87950.0,88484.01
2025-12-21 20:00:00+00:00,88484.01,88823.52,88091.96,88658.86
2025-12-22 00:00:00+00:00,88658.87,89627.24,87900.0,88774.12
2025-12-22 04:00:00+00:00,88774.13,89200.0,88712.11,89170.1
2025-12-22 08:00:00+00:00,89170.1,90118.0,89093.44,89945.43
2025-12-22 12:00:00+00:00,89945.43,90588.23,89196.42,89726.92
2025-12-22 16:00:00+00:00,89726.93,90127.0,87965.76,88052.43
2025-12-22 20:00:00+00:00,88052.42,88833.33,87911.79,88620.79
2025-12-23 00:00:00+00:00,88620.79,88940.0,87800.0,88170.0
2025-12-23 04:00:00+00:00,88170.0,88368.1,87051.52,87574.79
2025-12-23 08:00:00+00:00,87574.78,87890.0,87297.69,87856.65
2025-12-23 12:00:00+00:00,87856.66,87963.03,86601.9,87443.45
2025-12-23 16:00:00+00:00,87443.45,88275.4,87162.39,87752.87
2025-12-23 20:00:00+00:00,87752.88,88372.35,87180.0,87486.0
2025-12-24 00:00:00+00:00,87486.0,87839.66,86863.88,87336.23
2025-12-24 04:00:00+00:00,87336.23,87458.54,86796.65,86911.53
2025-12-24 08:00:00+00:00,86911.53,87359.59,86724.05,87203.94
2025-12-24 12:00:00+00:00,87203.94,87478.59,86420.0,87049.99
2025-12-24 16:00:00+00:00,87050.0,87670.0,86917.25,87566.06
2025-12-24 20:00:00+00:00,87566.07,88049.89,87516.77,87669.45
2025-12-25 00:00:00+00:00,87669.44,87967.5,87508.52,87840.42
2025-12-25 04:00:00+00:00,87840.42,87862.2,87661.17,87837.59
2025-12-25 08:00:00+00:00,87837.59,87888.0,87251.6,87519.44
2025-12-25 12:00:00+00:00,87519.45,88592.74,87398.78,88371.27
2025-12-25 16:00:00+00:00,88371.27,88478.0,87993.21,88151.18
2025-12-25 20:00:00+00:00,88151.19,88167.65,86934.72,87225.27
2025-12-26 00:00:00+00:00,87225.27,89440.0,86891.7,88844.87
2025-12-26 04:00:00+00:00,88844.88,89567.75,88347.45,88470.75
2025-12-26 08:00:00+00:00,88470.75,88918.59,88414.81,88533.42
2025-12-26 12:00:00+00:00,88533.43,89050.0,86655.08,87137.81
2025-12-26 16:00:00+00:00,87137.81,87580.29,86818.18,87501.83
2025-12-26 20:00:00+00:00,87501.83,87792.7,87321.4,87369.56
2025-12-27 00:00:00+00:00,87369.56,87532.0,87253.05,87514.22
2025-12-27 04:00:00+00:00,87514.23,87702.0,87417.93,87539.26
2025-12-27 08:00:00+00:00,87539.26,87677.0,87370.73,87475.98
2025-12-27 12:00:00+00:00,87475.99,87589.99,87308.05,87551.25
2025-12-27 16:00:00+00:00,87551.26,87591.0,87442.08,87569.39
2025-12-27 20:00:00+00:00,87569.39,87984.0,87499.99,87877.01
2025-12-28 00:00:00+00:00,87877.0,87961.37,87705.97,87740.01
2025-12-28 04:00:00+00:00,87740.0,87837.99,87614.79,87730.85
2025-12-28 08:00:00+00:00,87730.86,88010.0,87720.0,87883.25
2025-12-28 12:00:00+00:00,87883.25,88088.75,87794.86,87836.27
2025-12-28 16:00:00+00:00,87836.27,87931.59,87500.26,87520.75
2025-12-28 20:00:00+00:00,87520.75,88049.53,87435.0,87952.71
2025-12-29 00:00:00+00:00,87952.71,90169.06,87813.17,90123.55
2025-12-29 04:00:00+00:00,90123.55,90406.08,89507.03,89617.71
2025-12-29 08:00:00+00:00,89617.71,89825.01,87567.65,87567.66
2025-12-29 12:00:00+00:00,87567.65,88190.71,86806.5,87691.62
2025-12-29 16:00:00+00:00,87691.62,87996.22,87312.34,87366.23
2025-12-29 20:00:00+00:00,87366.23,87597.59,87071.49,87237.13
2025-12-30 00:00:00+00:00,87237.13,87423.65,86845.66,87379.0
2025-12-30 04:00:00+00:00,87378.99,87600.0,87157.07,87502.85
2025-12-30 08:00:00+00:00,87502.85,88224.76,87502.84,87903.89
2025-12-30 12:00:00+00:00,87903.89,89159.52,87834.01,89016.35
2025-12-30 16:00:00+00:00,89016.36,89400.0,87960.2,88226.16
2025-12-30 20:00:00+00:00,88226.15,88573.65,87886.46,88485.49
2025-12-31 00:00:00+00:00,88485.5,88819.8,88172.15,88453.04
2025-12-31 04:00:00+00:00,88453.04,88638.76,88325.06,88613.12
2025-12-31 08:00:00+00:00,88613.11,89046.6,88393.52,89011.52
2025-12-31 12:00:00+00:00,89011.51,89200.0,87766.59,87953.97
2025-12-31 16:00:00+00:00,87953.97,88053.49,87400.41,87541.85
2025-12-31 20:00:00+00:00,87541.85,87879.04,87250.0,87648.22
2026-01-01 00:00:00+00:00,87648.21,88088.1,87632.74,87846.02
2026-01-01 04:00:00+00:00,87846.01,87854.81,87550.43,87631.88
2026-01-01 08:00:00+00:00,87631.88,88024.64,87631.87,88024.64
2026-01-01 12:00:00+00:00,88024.64,88113.45,87810.66,88032.18
2026-01-01 16:00:00+00:00,88032.17,88500.0,87879.03,88391.15
2026-01-01 20:00:00+00:00,88391.16,88919.45,88240.0,88839.04
2026-01-02 00:00:00+00:00,88839.05,89120.01,88379.88,88950.65
2026-01-02 04:00:00+00:00,88950.64,89079.44,88576.56,88857.61
2026-01-02 08:00:00+00:00,88857.6,89942.44,88758.94,89502.95
2026-01-02 12:00:00+00:00,89502.94,90135.0,88459.96,89418.11
2026-01-02 16:00:00+00:00,89418.1,90961.81,89205.92,89897.23
2026-01-02 20:00:00+00:00,89897.23,90400.0,89636.77,89995.13
2026-01-03 00:00:00+00:00,89995.14,90418.32,89966.48,90321.22
2026-01-03 04:00:00+00:00,90321.23,90480.62,89314.01,89577.13
2026-01-03 08:00:00+00:00,89577.13,89982.11,89420.75,89752.74
2026-01-03 12:00:00+00:00,89752.75,90249.99,89664.93,89969.31
2026-01-03 16:00:00+00:00,89969.31,90219.67,89918.59,90123.77
2026-01-03 20:00:00+00:00,90123.76,90741.16,90017.23,90628.01
2026-01-04 00:00:00+00:00,90628.01,91610.17,90628.0,91236.78
2026-01-04 04:00:00+00:00,91236.78,91810.0,91183.15,91532.0
2026-01-04 08:00:00+00:00,91532.0,91620.5,91174.46,91300.0
2026-01-04 12:00:00+00:00,91300.01,91419.22,91014.1,91334.94
2026-01-04 16:00:00+00:00,91334.94,91455.9,90863.47,91138.07
2026-01-04 20:00:00+00:00,91138.06,91590.0,91132.0,91529.73
2026-01-05 00:00:00+00:00,91529.74,93388.0,91514.81,92878.22
2026-01-05 04:00:00+00:00,92878.22,92947.87,92155.0,92520.63
2026-01-05 08:00:00+00:00,92520.63,93151.0,92320.17,93134.26
2026-01-05 12:00:00+00:00,93134.25,94000.0,92407.13,93957.73
2026-01-05 16:00:00+00:00,93957.74,94500.0,93250.0,94303.4
2026-01-05 20:00:00+00:00,94303.4,94789.08,93800.0,93859.71
2026-01-06 00:00:00+00:00,93859.71,94161.86,93529.18,93769.24
2026-01-06 04:00:00+00:00,93769.25,94000.0,93137.98,93255.08
2026-01-06 08:00:00+00:00,93255.08,93895.0,93167.29,93840.0
2026-01-06 12:00:00+00:00,93839.99,94444.44,93352.01,93648.99
2026-01-06 16:00:00+00:00,93649.0,93775.6,91262.94,92104.5
2026-01-06 20:00:00+00:00,92104.49,93845.03,92098.29,93747.97
2026-01-07 00:00:00+00:00,93747.97,93747.97,92236.07,92815.83
2026-01-07 04:00:00+00:00,92815.83,92930.35,92500.0,92879.13
2026-01-07 08:00:00+00:00,92879.14,92961.53,91600.0,92087.21
2026-01-07 12:00:00+00:00,92087.21,92299.4,91024.0,91349.96
2026-01-07 16:00:00+00:00,91349.95,91790.0,90675.52,91186.07
2026-01-07 20:00:00+00:00,91186.07,91489.6,90778.32,91364.16
2026-01-08 00:00:00+00:00,91364.16,91687.99,90616.36,90813.4
2026-01-08 04:00:00+00:00,90813.4,91188.0,89641.84,90548.02
2026-01-08 08:00:00+00:00,90548.02,90917.22,89777.25,90226.77
2026-01-08 12:00:00+00:00,90226.77,90847.52,89311.0,90781.57
2026-01-08 16:00:00+00:00,90781.57,91469.0,90312.89,90937.41
2026-01-08 20:00:00+00:00,90937.42,91493.0,90568.11,91099.99
2026-01-09 00:00:00+00:00,91100.0,91632.1,90850.0,91220.23
2026-01-09 04:00:00+00:00,91220.24,91236.72,90738.34,90741.84
2026-01-09 08:00:00+00:00,90741.85,90843.77,89694.66,90463.11
2026-01-09 12:00:00+00:00,90463.12,92082.55,89850.0,91176.47
2026-01-09 16:00:00+00:00,91176.48,91783.32,90190.0,90332.15
2026-01-09 20:00:00+00:00,90332.14,90732.01,90113.87,90641.28
2026-01-10 00:00:00+00:00,90641.27,90782.23,90527.99,90626.14
2026-01-10 04:00:00+00:00,90626.15,90682.7,90408.23,90678.5
2026-01-10 08:00:00+00:00,90678.5,90832.0,90618.28,90723.86
2026-01-10 12:00:00+00:00,90723.87,90788.78,90538.46,90665.75
2026-01-10 16:00:00+00:00,90665.76,90746.0,90504.55,90626.54
2026-01-10 20:00:00+00:00,90626.54,90659.03,90404.0,90504.7
2026-01-11 00:00:00+00:00,90504.7,90737.95,90451.1,90733.5
2026-01-11 04:00:00+00:00,90733.49,90850.0,90585.34,90710.79
2026-01-11 08:00:00+00:00,90710.8,90816.0,90610.27,90754.99
2026-01-11 12:00:00+00:00,90754.99,91191.5,90708.25,90875.79
2026-01-11 16:00:00+00:00,90875.79,91283.89,90673.3,90690.8
2026-01-11 20:00:00+00:00,90690.81,91041.79,90236.0,91013.65
2026-01-12 00:00:00+00:00,91013.66,92519.95,90700.29,91808.12
2026-01-12 04:00:00+00:00,91808.12,92290.81,91381.36,91408.09
2026-01-12 08:00:00+00:00,91408.09,91630.13,90370.0,90620.96
2026-01-12 12:00:00+00:00,90620.95,91665.0,90128.44,91665.0
2026-01-12 16:00:00+00:00,91664.99,92332.0,91000.53,91861.27
2026-01-12 20:00:00+00:00,91861.27,92046.23,90938.2,91296.2
2026-01-13 00:00:00+00:00,91296.2,91546.08,91042.66,91408.91
2026-01-13 04:00:00+00:00,91408.9,92275.38,91350.71,91942.0
2026-01-13 08:00:00+00:00,91941.99,92672.11,91924.27,92000.74
2026-01-13 12:00:00+00:00,92000.73,93450.0,91787.61,93449.99
2026-01-13 16:00:00+00:00,93449.99,94231.82,93078.31,94226.84
2026-01-13 20:00:00+00:00,94226.85,96495.0,94062.0,95414.0
2026-01-14 00:00:00+00:00,95413.99,95722.01,95116.03,95720.99
2026-01-14 04:00:00+00:00,95720.99,95799.22,94559.28,95205.1
2026-01-14 08:00:00+00:00,95205.11,95315.15,94737.95,94792.99
2026-01-14 12:00:00+00:00,94793.0,97084.68,94680.67,96764.57
2026-01-14 16:00:00+00:00,96764.57,97777.0,96246.56,97267.42
2026-01-14 20:00:00+00:00,97267.42,97924.49,96772.02,96951.78
2026-01-15 00:00:00+00:00,96951.78,97000.0,95777.0,95985.1
2026-01-15 04:00:00+00:00,95985.11,96760.15,95952.89,96630.48
2026-01-15 08:00:00+00:00,96630.47,97193.34,96289.98,96581.08
2026-01-15 12:00:00+00:00,96581.07,97165.03,95435.91,96737.04
2026-01-15 16:00:00+00:00,96737.04,97163.0,95183.13,95516.01
2026-01-15 20:00:00+00:00,95516.01,95871.0,95134.48,95604.8
2026-01-16 00:00:00+00:00,95604.81,95855.12,95321.58,95354.69
2026-01-16 04:00:00+00:00,95354.69,95816.83,95133.03,95653.16
2026-01-16 08:00:00+00:00,95653.16,95871.47,95261.43,95429.09
2026-01-16 12:00:00+00:00,95429.09,95809.08,94293.46,94585.98
2026-01-16 16:00:00+00:00,94585.99,95215.74,94508.0,95002.09
2026-01-16 20:00:00+00:00,95002.09,95600.0,94682.0,95550.94
2026-01-17 00:00:00+00:00,95550.94,95578.2,95200.0,95372.95
2026-01-17 04:00:00+00:00,95372.94,95373.64,95041.7,95101.67
2026-01-17 08:00:00+00:00,95101.67,95323.86,95021.67,95323.86
2026-01-17 12:00:00+00:00,95323.85,95639.45,95198.81,95573.64
2026-01-17 16:00:00+00:00,95573.65,95576.14,95212.25,95291.38
2026-01-17 20:00:00+00:00,95291.37,95412.86,95050.0,95147.77
2026-01-18 00:00:00+00:00,95147.77,95250.0,94876.33,95200.29
2026-01-18 04:00:00+00:00,95200.29,95260.0,95028.27,95028.27
2026-01-18 08:00:00+00:00,95028.27,95295.39,95021.44,95168.06
2026-01-18 12:00:00+00:00,95168.06,95376.24,94910.0,95119.28
2026-01-18 16:00:00+00:00,95119.27,95521.71,95073.02,95380.99
2026-01-18 20:00:00+00:00,95380.99,95531.12,93615.4,93673.14
2026-01-19 00:00:00+00:00,93673.14,93673.14,91910.2,92690.09
2026-01-19 04:00:00+00:00,92690.08,92861.41,92385.07,92841.62
2026-01-19 08:00:00+00:00,92841.62,93368.44,92702.56,93191.96
2026-01-19 12:00:00+00:00,93191.96,93226.44,92700.0,93068.62
2026-01-19 16:00:00+00:00,93068.62,93420.0,92930.0,93105.85
2026-01-19 20:00:00+00:00,93105.85,93342.36,92158.48,92631.0
2026-01-20 00:00:00+00:00,92630.99,92870.0,92264.7,92434.92
2026-01-20 04:00:00+00:00,92434.93,92470.37,90771.78,91177.98
2026-01-20 08:00:00+00:00,91177.99,91442.88,90693.0,91218.99
2026-01-20 12:00:00+00:00,91218.99,91371.11,89859.06,90684.95
2026-01-20 16:00:00+00:00,90684.95,90974.49,89292.48,89725.76
2026-01-20 20:00:00+00:00,89725.77,89854.2,87895.98,88427.66
2026-01-21 00:00:00+00:00,88427.66,89598.8,88250.0,89432.33
2026-01-21 04:00:00+00:00,89432.33,90120.44,89093.28,89213.95
2026-01-21 08:00:00+00:00,89213.96,89493.46,88700.0,88789.99
2026-01-21 12:00:00+00:00,88789.99,90574.0,88196.72,90288.04
2026-01-21 16:00:00+00:00,90288.04,90450.0,87263.53,90355.56
2026-01-21 20:00:00+00:00,90355.56,90377.0,89344.98,89454.73
2026-01-22 00:00:00+00:00,89454.73,90359.99,89454.72,89899.51
2026-01-22 04:00:00+00:00,89899.51,90215.79,89802.0,89818.79
2026-01-22 08:00:00+00:00,89818.79,90150.0,89760.0,89941.26
2026-01-22 12:00:00+00:00,89941.26,90340.0,88515.37,89000.01
2026-01-22 16:00:00+00:00,89000.0,89924.46,88676.95,89777.9
2026-01-22 20:00:00+00:00,89777.89,89946.13,89140.13,89559.67
2026-01-23 00:00:00+00:00,89559.68,89979.97,89450.48,89924.78
2026-01-23 04:00:00+00:00,89924.78,90088.94,89400.0,89549.45
2026-01-23 08:00:00+00:00,89549.45,89632.18,88860.44,89202.48
2026-01-23 12:00:00+00:00,89202.47,89865.53,88578.36,89761.61
2026-01-23 16:00:00+00:00,89761.61,91224.99,89489.0,89982.79
2026-01-23 20:00:00+00:00,89982.79,90156.06,89200.68,89600.26
2026-01-24 00:00:00+00:00,89600.26,89957.39,89424.39,89770.02
2026-01-24 04:00:00+00:00,89770.03,89853.38,89572.81,89620.1
2026-01-24 08:00:00+00:00,89620.11,89686.43,89577.97,89595.4
2026-01-24 12:00:00+00:00,89595.41,89595.41,89171.75,89275.77
2026-01-24 16:00:00+00:00,89275.77,89461.4,89162.08,89331.36
2026-01-24 20:00:00+00:00,89331.36,89489.84,89215.59,89225.34
2026-01-25 00:00:00+00:00,89225.34,89319.13,88838.72,88960.35
2026-01-25 04:00:00+00:00,88960.36,89090.13,88635.84,88659.99
2026-01-25 08:00:00+00:00,88659.99,88760.0,88136.0,88570.17
2026-01-25 12:00:00+00:00,88570.17,88971.89,88340.75,88446.5
2026-01-25 16:00:00+00:00,88446.51,88448.85,86194.85,86495.16
2026-01-25 20:00:00+00:00,86495.17,87013.79,86074.72,86670.36
2026-01-26 00:00:00+00:00,86670.36,87973.11,86509.63,87282.05
2026-01-26 04:00:00+00:00,87282.04,88074.48,87244.27,88000.64
2026-01-26 08:00:00+00:00,88000.64,88424.45,87600.69,87855.0
2026-01-26 12:00:00+00:00,87855.01,88860.0,87325.03,87641.41
2026-01-26 16:00:00+00:00,87641.41,88537.95,87035.51,88013.19
2026-01-26 20:00:00+00:00,88013.19,88659.09,87542.05,88347.08
2026-01-27 00:00:00+00:00,88347.08,88898.0,88194.82,88788.0
2026-01-27 04:00:00+00:00,88787.99,89010.0,88278.03,88320.41
2026-01-27 08:00:00+00:00,88320.41,88397.85,87743.52,87992.74
2026-01-27 12:00:00+00:00,87992.74,88474.23,87578.67,88047.46
2026-01-27 16:00:00+00:00,88047.46,88819.89,87304.33,88408.77
2026-01-27 20:00:00+00:00,88408.78,89523.16,88373.49,89250.0
2026-01-28 00:00:00+00:00,89249.99,89497.96,88985.0,89126.67
2026-01-28 04:00:00+00:00,89126.68,89400.0,88840.0,89134.35
2026-01-28 08:00:00+00:00,89134.35,90156.72,88833.65,90080.0
2026-01-28 12:00:00+00:00,90079.99,90488.0,88904.61,89479.66
2026-01-28 16:00:00+00:00,89479.66,90600.0,89006.36,89402.58
2026-01-28 20:00:00+00:00,89402.57,89896.0,88878.01,89299.99
2026-01-29 00:00:00+00:00,89300.0,89348.0,87704.0,88053.71
2026-01-29 04:00:00+00:00,88053.71,88430.05,87901.23,88352.97
2026-01-29 08:00:00+00:00,88352.96,88500.0,87750.01,87846.5
2026-01-29 12:00:00+00:00,87846.5,88182.29,84366.56,84934.02
2026-01-29 16:00:00+00:00,84934.02,85638.3,83383.33,84012.11
2026-01-29 20:00:00+00:00,84012.11,84737.69,83824.9,84650.16
2026-01-30 00:00:00+00:00,84650.16,84735.75,81118.0,82676.43
2026-01-30 04:00:00+00:00,82676.42,83332.2,82056.08,82816.98
2026-01-30 08:00:00+00:00,82816.98,83314.85,82160.0,83151.36
2026-01-30 12:00:00+00:00,83151.36,83797.99,82382.01,82883.94
2026-01-30 16:00:00+00:00,82882.84,84621.16,81871.37,84242.99
2026-01-30 20:00:00+00:00,84243.0,84523.11,83539.2,84260.49
2026-01-31 00:00:00+00:00,84260.5,84270.02,83815.02,84022.69
2026-01-31 04:00:00+00:00,84022.7,84146.22,83404.67,83546.81
2026-01-31 08:00:00+00:00,83546.82,83629.08,82560.75,83020.0
2026-01-31 12:00:00+00:00,83020.0,83140.0,80825.76,81302.15
2026-01-31 16:00:00+00:00,81302.16,82200.0,75719.9,77750.01
2026-01-31 20:00:00+00:00,77750.01,79240.0,77092.34,78741.09
2026-02-01 00:00:00+00:00,78741.1,79424.0,78284.0,78868.28
2026-02-01 04:00:00+00:00,78868.29,79119.3,77967.69,78343.0
2026-02-01 08:00:00+00:00,78343.0,79220.72,78148.1,78743.56
2026-02-01 12:00:00+00:00,78743.57,78768.68,76761.98,77593.4
2026-02-01 16:00:00+00:00,77593.4,78443.1,77000.01,77174.78
2026-02-01 20:00:00+00:00,77174.77,77779.63,75700.0,76968.21
2026-02-02 00:00:00+00:00,76968.22,78231.26,74604.0,76292.98
2026-02-02 04:00:00+00:00,76292.98,76958.0,74911.14,76660.79
2026-02-02 08:00:00+00:00,76660.78,77970.62,76628.28,77759.99
2026-02-02 12:00:00+00:00,77760.0,79360.0,77564.62,78850.06
2026-02-02 16:00:00+00:00,78850.06,79288.28,78283.27,78341.5
2026-02-02 20:00:00+00:00,78341.5,78962.78,77888.0,78738.61
2026-02-03 00:00:00+00:00,78738.6,79186.81,77644.09,78753.32
2026-02-03 04:00:00+00:00,78753.32,78999.99,77950.0,78794.67
2026-02-03 08:00:00+00:00,78794.67,79084.29,77950.0,78079.5
2026-02-03 12:00:00+00:00,78079.5,78458.89,77055.54,78132.33
2026-02-03 16:00:00+00:00,78132.34,78134.53,72945.5,74935.0
2026-02-03 20:00:00+00:00,74935.0,76960.0,74586.54,75770.21
2026-02-04 00:00:00+00:00,75770.21,76971.52,75467.22,76698.17
2026-02-04 04:00:00+00:00,76698.17,76830.69,76105.3,76514.3
2026-02-04 08:00:00+00:00,76514.3,76607.69,75666.0,76017.25
2026-02-04 12:00:00+00:00,76017.25,76260.85,73794.11,74136.36
2026-02-04 16:00:00+00:00,74136.48,74249.83,72169.0,73923.29
2026-02-04 20:00:00+00:00,73923.3,74144.0,71888.0,73165.83
2026-02-05 00:00:00+00:00,73165.84,73341.18,71152.78,71223.25
2026-02-05 04:00:00+00:00,71223.25,71622.82,70140.0,70756.85
2026-02-05 08:00:00+00:00,70756.86,71978.58,69922.0,70318.35
2026-02-05 12:00:00+00:00,70318.35,70872.04,66720.15,67489.07
2026-02-05 16:00:00+00:00,67489.08,68681.81,65200.0,65265.65
2026-02-05 20:00:00+00:00,65265.66,65700.0,62345.0,62909.86
2026-02-06 00:00:00+00:00,62909.87,66010.0,60000.0,64168.33
2026-02-06 04:00:00+00:00,64168.33,66826.5,63914.62,64856.0
2026-02-06 08:00:00+00:00,64856.0,66755.13,64500.0,66631.32
2026-02-06 12:00:00+00:00,66631.32,69192.0,66114.49,68626.0
2026-02-06 16:00:00+00:00,68625.99,71500.0,68428.19,70731.46
2026-02-06 20:00:00+00:00,70731.45,71751.33,69837.35,70580.26
2026-02-07 00:00:00+00:00,70580.26,70928.75,69718.0,70918.99
2026-02-07 04:00:00+00:00,70918.99,71690.07,67300.0,68087.14
2026-02-07 08:00:00+00:00,68087.13,68790.0,67582.48,67972.65
2026-02-07 12:00:00+00:00,67972.65,69999.99,67901.89,69151.5
2026-02-07 16:00:00+00:00,69151.5,69898.0,68531.5,69373.61
2026-02-07 20:00:00+00:00,69373.61,69728.83,68787.34,69289.38
2026-02-08 00:00:00+00:00,69289.37,69696.57,68888.0,69099.99
2026-02-08 04:00:00+00:00,69100.0,69719.07,68952.01,69710.69
2026-02-08 08:00:00+00:00,69710.69,71220.0,69514.15,70999.98
2026-02-08 12:00:00+00:00,70999.99,71554.95,70707.39,71188.99
2026-02-08 16:00:00+00:00,71188.99,71538.05,70251.33,71422.97
2026-02-08 20:00:00+00:00,71422.96,72271.41,70000.0,70330.38
2026-02-09 00:00:00+00:00,70330.38,71453.53,70068.18,71307.56
2026-02-09 04:00:00+00:00,71307.56,71359.37,70311.7,70422.59
2026-02-09 08:00:00+00:00,70422.59,70608.83,68420.58,68928.72
2026-02-09 12:00:00+00:00,68928.71,69884.82,68308.0,69563.37
2026-02-09 16:00:00+00:00,69563.37,71075.31,69100.0,70957.01
2026-02-09 20:00:00+00:00,70957.01,71126.0,69823.52,70138.0
2026-02-10 00:00:00+00:00,70138.0,70527.59,69208.61,69511.83
2026-02-10 04:00:00+00:00,69511.83,69906.5,68682.0,68919.66
2026-02-10 08:00:00+00:00,68919.66,69417.7,68459.89,68535.01
2026-02-10 12:00:00+00:00,68535.02,69591.2,67800.0,69293.37
2026-02-10 16:00:00+00:00,69293.37,69993.65,68604.63,69062.01
2026-02-10 20:00:00+00:00,69062.0,69136.91,68362.0,68841.29
2026-02-11 00:00:00+00:00,68841.28,69292.88,68011.11,68187.99
2026-02-11 04:00:00+00:00,68188.0,68325.0,66557.99,67032.72
2026-02-11 08:00:00+00:00,67032.71,67134.42,66369.49,67053.03
2026-02-11 12:00:00+00:00,67053.03,68834.34,65756.0,66519.73
2026-02-11 16:00:00+00:00,66519.72,67860.44,65876.0,67586.67
2026-02-11 20:00:00+00:00,67586.66,68369.77,66787.7,67082.52
2026-02-12 00:00:00+00:00,67082.52,68047.48,67055.53,67580.99
2026-02-12 04:00:00+00:00,67581.0,67682.69,66670.45,67217.72
2026-02-12 08:00:00+00:00,67217.71,68299.0,66891.6,68076.01
2026-02-12 12:00:00+00:00,68076.01,68410.52,67014.98,67134.74
2026-02-12 16:00:00+00:00,67134.74,67232.04,65118.0,65788.36
2026-02-12 20:00:00+00:00,65788.36,66488.9,65215.06,66272.17
2026-02-13 00:00:00+00:00,66272.17,66814.0,65872.46,66553.08
2026-02-13 04:00:00+00:00,66553.09,66671.62,66002.98,66208.96
2026-02-13 08:00:00+00:00,66208.96,67226.66,66191.52,67171.42
2026-02-13 12:00:00+00:00,67171.41,69309.8,66867.47,68692.12
2026-02-13 16:00:00+00:00,68692.12,69482.97,68540.83,68938.91
2026-02-13 20:00:00+00:00,68938.91,69079.4,68683.32,68853.96
2026-02-14 00:00:00+00:00,68853.97,69137.5,68768.56,68981.99
2026-02-14 04:00:00+00:00,68982.0,69343.0,68730.13,69219.26
2026-02-14 08:00:00+00:00,69219.27,70560.01,69218.71,70505.74
2026-02-14 12:00:00+00:00,70505.74,70533.67,69064.6,69778.28
2026-02-14 16:00:00+00:00,69778.28,69930.9,69283.02,69873.99
2026-02-14 20:00:00+00:00,69873.99,70250.46,69668.05,69822.95
2026-02-15 00:00:00+00:00,69822.94,69990.02,69251.5,69954.5
2026-02-15 04:00:00+00:00,69954.5,70926.42,69459.35,70828.42
2026-02-15 08:00:00+00:00,70828.43,70983.0,70182.31,70295.22
2026-02-15 12:00:00+00:00,70295.22,70418.48,68772.2,69099.99
2026-02-15 16:00:00+00:00,69100.0,69100.0,68000.0,68286.63
2026-02-15 20:00:00+00:00,68286.64,69078.49,68120.0,68832.58
2026-02-16 00:00:00+00:00,68832.59,69065.5,68143.22,68424.82
2026-02-16 04:00:00+00:00,68424.82,68900.0,68228.76,68587.9
2026-02-16 08:00:00+00:00,68587.89,69060.77,68338.9,68812.83
2026-02-16 12:00:00+00:00,68812.84,70126.67,67294.11,67539.52
2026-02-16 16:00:00+00:00,67539.53,68245.34,67513.94,67913.43
2026-02-16 20:00:00+00:00,67913.44,68978.88,67827.11,68892.43
2026-02-17 00:00:00+00:00,68892.43,69241.5,68387.2,68474.9
2026-02-17 04:00:00+00:00,68474.9,68707.49,67892.0,68388.12
2026-02-17 08:00:00+00:00,68388.12,68479.17,67690.0,67854.6
2026-02-17 12:00:00+00:00,67854.6,68360.5,66621.06,67392.05
2026-02-17 16:00:00+00:00,67392.06,68235.39,66881.08,67793.32
2026-02-17 20:00:00+00:00,67793.32,67928.08,67394.0,67503.52
2026-02-18 00:00:00+00:00,67503.52,67705.65,66892.03,67629.11
2026-02-18 04:00:00+00:00,67629.1,68219.81,67500.1,68106.44
2026-02-18 08:00:00+00:00,68106.44,68476.22,67076.9,67369.75
2026-02-18 12:00:00+00:00,67369.75,68347.72,66717.3,67694.01
2026-02-18 16:00:00+00:00,67694.01,67706.94,65870.0,66177.14
2026-02-18 20:00:00+00:00,66177.15,66550.0,66053.6,66461.0
2026-02-19 00:00:00+00:00,66461.0,66997.07,66345.0,66980.91
2026-02-19 04:00:00+00:00,66980.91,67320.0,66679.76,67206.45
2026-02-19 08:00:00+00:00,67206.45,67206.45,66478.02,66496.02
2026-02-19 12:00:00+00:00,66496.03,66755.39,65631.83,66398.0
2026-02-19 16:00:00+00:00,66398.01,67198.1,65899.25,67050.0
2026-02-19 20:00:00+00:00,67050.0,67168.86,66652.34,67003.73
2026-02-20 00:00:00+00:00,67003.73,67488.67,66949.41,67366.25
2026-02-20 04:00:00+00:00,67366.25,68006.0,67115.38,67825.91
2026-02-20 08:00:00+00:00,67825.91,68318.39,67280.6,67318.41
2026-02-20 12:00:00+00:00,67318.41,68083.98,66280.2,67582.95
2026-02-20 16:00:00+00:00,67582.95,68000.0,66952.11,67646.03
2026-02-20 20:00:00+00:00,67646.03,68233.99,67520.3,68020.01
2026-02-21 00:00:00+00:00,68020.0,68099.54,67534.69,67667.77
2026-02-21 04:00:00+00:00,67667.77,67924.39,67593.99,67856.01
2026-02-21 08:00:00+00:00,67856.01,68314.54,67807.3,68092.45
2026-02-21 12:00:00+00:00,68092.45,68698.7,67915.0,68615.0
2026-02-21 16:00:00+00:00,68615.01,68658.5,68101.78,68543.51
2026-02-21 20:00:00+00:00,68543.51,68605.63,67900.0,67975.93
2026-02-22 00:00:00+00:00,67975.93,68222.16,67809.78,68041.43
2026-02-22 04:00:00+00:00,68041.42,68178.79,67881.81,68005.3
2026-02-22 08:00:00+00:00,68005.3,68245.0,67912.02,68219.97
2026-02-22 12:00:00+00:00,68219.97,68232.4,67303.5,67684.14
2026-02-22 16:00:00+00:00,67684.15,67718.13,67190.0,67428.32
2026-02-22 20:00:00+00:00,67428.32,67751.44,67350.0,67643.4
2026-02-23 00:00:00+00:00,67643.39,67684.86,64290.71,64934.17
2026-02-23 04:00:00+00:00,64934.18,66015.22,64685.64,65958.94
2026-02-23 08:00:00+00:00,65958.94,66600.0,65565.78,66207.23
2026-02-23 12:00:00+00:00,66207.23,66511.51,65529.73,65660.1
2026-02-23 16:00:00+00:00,65660.1,65724.28,64048.71,64295.1
2026-02-23 20:00:00+00:00,64295.11,65035.98,63888.79,64656.02
2026-02-24 00:00:00+00:00,64656.01,65026.75,63342.9,63595.51
2026-02-24 04:00:00+00:00,63595.51,63628.52,62700.8,63192.96
2026-02-24 08:00:00+00:00,63192.79,63444.66,62908.92,63227.1
2026-02-24 12:00:00+00:00,63227.11,64031.76,62510.28,63973.97
2026-02-24 16:00:00+00:00,63973.98,64743.11,63689.54,64435.03
2026-02-24 20:00:00+00:00,64435.03,64591.99,63820.5,64058.15
2026-02-25 00:00:00+00:00,64058.15,66310.0,63913.27,65391.73
2026-02-25 04:00:00+00:00,65391.74,65650.0,64755.26,65028.3
2026-02-25 08:00:00+00:00,65028.3,65692.62,64955.79,65430.04
2026-02-25 12:00:00+00:00,65430.04,67578.0,65324.62,67412.33
2026-02-25 16:00:00+00:00,67412.32,69550.0,67404.0,69038.26
2026-02-25 20:00:00+00:00,69038.26,69988.83,67600.0,67988.04
2026-02-26 00:00:00+00:00,67988.04,68700.0,67727.52,68216.86
2026-02-26 04:00:00+00:00,68216.87,68860.0,67817.87,67825.04
2026-02-26 08:00:00+00:00,67825.05,68722.64,67792.0,68051.31
2026-02-26 12:00:00+00:00,68051.3,68303.83,66761.16,67382.0
2026-02-26 16:00:00+00:00,67382.0,67903.12,66500.0,67589.22
2026-02-26 20:00:00+00:00,67589.21,67831.11,67150.14,67485.18
2026-02-27 00:00:00+00:00,67485.19,67712.16,66885.0,67600.84
2026-02-27 04:00:00+00:00,67600.84,68216.8,67459.3,67690.6
2026-02-27 08:00:00+00:00,67690.6,68149.93,65960.01,66126.99
2026-02-27 12:00:00+00:00,66126.99,66344.9,65649.34,66095.4
2026-02-27 16:00:00+00:00,66095.4,66121.03,65113.72,65392.18
2026-02-27 20:00:00+00:00,65392.18,65953.2,64914.46,65872.1
2026-02-28 00:00:00+00:00,65872.09,66025.52,65721.13,65797.42
2026-02-28 04:00:00+00:00,65797.42,65818.44,63030.0,63826.0
2026-02-28 08:00:00+00:00,63825.99,64307.44,63372.1,63844.2
2026-02-28 12:00:00+00:00,63844.2,65360.51,63827.2,64841.18
2026-02-28 16:00:00+00:00,64841.17,66666.65,64681.81,66362.01
2026-02-28 20:00:00+00:00,66362.01,67760.0,66190.61,66973.26
2026-03-01 00:00:00+00:00,66973.26,68199.99,66042.72,67502.16
2026-03-01 04:00:00+00:00,67502.16,67612.14,66749.35,67141.39
2026-03-01 08:00:00+00:00,67141.4,67292.3,66215.71,66468.03
2026-03-01 12:00:00+00:00,66468.04,67360.57,66132.27,66842.42
2026-03-01 16:00:00+00:00,66842.42,67112.37,65699.98,65962.17
2026-03-01 20:00:00+00:00,65962.16,66491.43,65056.0,65776.47
2026-03-02 00:00:00+00:00,65776.48,67079.0,65761.04,66820.03
2026-03-02 04:00:00+00:00,66820.03,66995.64,65542.6,66007.52
2026-03-02 08:00:00+00:00,66007.8,66720.84,65654.54,66359.68
2026-03-02 12:00:00+00:00,66359.67,69617.74,65259.21,69130.2
2026-03-02 16:00:00+00:00,69130.2,70096.0,68576.18,68966.53
2026-03-02 20:00:00+00:00,68966.52,69539.77,68584.9,68830.06
2026-03-03 00:00:00+00:00,68830.06,69258.08,68210.71,68377.94
2026-03-03 04:00:00+00:00,68377.94,68617.42,67800.0,68172.8
2026-03-03 08:00:00+00:00,68172.79,68311.83,66340.14,67026.61
2026-03-03 12:00:00+00:00,67026.6,67973.2,66158.0,67725.81
2026-03-03 16:00:00+00:00,67725.82,68999.0,67473.09,68435.0
2026-03-03 20:00:00+00:00,68435.0,68860.0,67832.3,68338.0
2026-03-04 00:00:00+00:00,68338.01,68909.34,67400.0,67732.2
2026-03-04 04:00:00+00:00,67732.19,69668.0,67467.6,69493.13
2026-03-04 08:00:00+00:00,69493.14,71893.0,69098.91,71111.4
2026-03-04 12:00:00+00:00,71111.4,73479.75,70588.0,73396.88
2026-03-04 16:00:00+00:00,73396.87,74050.0,72541.69,73611.1
2026-03-04 20:00:00+00:00,73611.67,73716.0,72313.04,72666.77
2026-03-05 00:00:00+00:00,72666.77,73306.82,72336.76,72497.89
2026-03-05 04:00:00+00:00,72497.89,73081.08,71759.95,72055.5
2026-03-05 08:00:00+00:00,72055.5,73558.15,71757.17,72915.79
2026-03-05 12:00:00+00:00,72915.8,73063.38,71168.65,71652.77
2026-03-05 16:00:00+00:00,71652.77,71654.65,70645.47,70918.07
2026-03-05 20:00:00+00:00,70918.08,71572.3,70777.0,70890.72
2026-03-06 00:00:00+00:00,70891.02,71419.98,70344.03,71080.38
2026-03-06 04:00:00+00:00,71080.37,71192.76,70143.19,71056.44
2026-03-06 08:00:00+00:00,71056.44,71067.58,70184.01,70212.95
2026-03-06 12:00:00+00:00,70212.94,70341.76,68176.47,68504.71
2026-03-06 16:00:00+00:00,68504.71,68795.44,67744.78,68131.79
2026-03-06 20:00:00+00:00,68131.79,68440.92,67777.0,68114.02
2026-03-07 00:00:00+00:00,68114.02,68551.04,68060.6,68095.5
2026-03-07 04:00:00+00:00,68095.5,68147.73,67446.41,67842.67
2026-03-07 08:00:00+00:00,67842.67,68232.27,67720.98,68010.01
2026-03-07 12:00:00+00:00,68010.0,68085.41,67609.44,67877.45
2026-03-07 16:00:00+00:00,67877.45,67935.01,66915.26,67080.34
2026-03-07 20:00:00+00:00,67080.33,67483.05,67068.01,67262.91
2026-03-08 00:00:00+00:00,67262.91,67481.96,66833.58,67000.26
2026-03-08 04:00:00+00:00,67000.26,67465.11,66547.15,67319.91
2026-03-08 08:00:00+00:00,67319.9,68200.0,67156.93,67515.0
2026-03-08 12:00:00+00:00,67515.0,67650.94,66761.68,67218.23
2026-03-08 16:00:00+00:00,67218.23,67485.24,66745.54,67337.42
2026-03-08 20:00:00+00:00,67337.41,67609.08,65618.49,65971.2
2026-03-09 00:00:00+00:00,65971.2,67668.64,65821.97,67205.05
2026-03-09 04:00:00+00:00,67205.06,68069.29,66853.48,67555.13
2026-03-09 08:00:00+00:00,67555.13,68460.09,67344.45,67764.98
2026-03-09 12:00:00+00:00,67764.99,69480.0,67759.57,68863.66
2026-03-09 16:00:00+00:00,68863.67,69516.65,68179.12,68991.93
2026-03-09 20:00:00+00:00,68991.93,69145.28,68384.69,68432.16
2026-03-10 00:00:00+00:00,68432.16,70578.29,68391.41,69429.85
2026-03-10 04:00:00+00:00,69429.85,70546.74,69429.85,70406.01
2026-03-10 08:00:00+00:00,70406.01,71300.0,70369.0,70580.94
2026-03-10 12:00:00+00:00,70580.95,71777.0,69266.06,71346.16
2026-03-10 16:00:00+00:00,71346.17,71700.0,69739.0,70043.63
2026-03-10 20:00:00+00:00,70043.63,70417.3,69452.42,69948.63
2026-03-11 00:00:00+00:00,69948.64,70173.25,69488.7,69551.91
2026-03-11 04:00:00+00:00,69551.91,70281.87,69420.0,69648.29
2026-03-11 08:00:00+00:00,69648.28,69786.32,69150.28,69173.0
2026-03-11 12:00:00+00:00,69172.99,71091.18,68977.91,70227.91
2026-03-11 16:00:00+00:00,70227.92,71321.0,70161.78,70641.82
2026-03-11 20:00:00+00:00,70641.81,70950.0,70125.83,70191.86
2026-03-12 00:00:00+00:00,70191.86,70353.87,69226.52,69446.61
2026-03-12 04:00:00+00:00,69446.61,69865.98,69205.91,69826.19
2026-03-12 08:00:00+00:00,69826.19,70800.0,69580.0,70427.91
2026-03-12 12:00:00+00:00,70427.9,70660.69,69355.34,70334.88
2026-03-12 16:00:00+00:00,70334.89,70569.15,69770.85,70432.32
2026-03-12 20:00:00+00:00,70432.33,70734.25,70013.17,70541.34
2026-03-13 00:00:00+00:00,70541.34,72000.0,70386.01,71405.75
2026-03-13 04:00:00+00:00,71405.76,71672.76,71180.19,71612.22
2026-03-13 08:00:00+00:00,71612.23,72575.98,71385.28,72228.82
2026-03-13 12:00:00+00:00,72228.81,73913.74,71736.34,71831.46
2026-03-13 16:00:00+00:00,71831.46,72249.99,70841.23,71189.95
2026-03-13 20:00:00+00:00,71189.96,71491.03,70559.02,70930.0
2026-03-14 00:00:00+00:00,70930.01,71185.23,70481.7,71081.3
2026-03-14 04:00:00+00:00,71081.31,71307.92,70317.0,70596.68
2026-03-14 08:00:00+00:00,70596.68,70784.38,70389.08,70751.42
2026-03-14 12:00:00+00:00,70751.42,70941.17,70501.0,70580.09
2026-03-14 16:00:00+00:00,70580.09,70740.34,70500.0,70700.0
2026-03-14 20:00:00+00:00,70699.99,71253.17,70650.09,71211.95
2026-03-15 00:00:00+00:00,71211.95,71634.08,70858.82,71363.14
2026-03-15 04:00:00+00:00,71363.13,71800.68,71330.66,71453.59
2026-03-15 08:00:00+00:00,71453.59,71940.49,71453.59,71839.42
2026-03-15 12:00:00+00:00,71839.41,71839.42,71263.99,71481.24
2026-03-15 16:00:00+00:00,71481.24,71989.93,71320.08,71549.94
2026-03-15 20:00:00+00:00,71549.94,73199.0,71433.75,72815.24
2026-03-16 00:00:00+00:00,72815.25,74330.34,72270.41,73573.32
2026-03-16 04:00:00+00:00,73573.31,74451.03,73385.18,73456.68
2026-03-16 08:00:00+00:00,73456.69,73838.76,72888.8,73552.77
2026-03-16 12:00:00+00:00,73552.78,74509.52,72990.52,73274.76
2026-03-16 16:00:00+00:00,73274.75,74418.6,73160.66,73963.0
2026-03-16 20:00:00+00:00,73963.0,74909.08,73863.2,74884.67
2026-03-17 00:00:00+00:00,74884.67,76000.0,74268.73,74463.98
2026-03-17 04:00:00+00:00,74463.98,74712.89,73784.0,74249.32
2026-03-17 08:00:00+00:00,74249.32,74452.97,73560.98,74033.11
2026-03-17 12:00:00+00:00,74033.1,74893.94,73399.19,73914.39
2026-03-17 16:00:00+00:00,73914.4,74800.0,73855.24,74512.17
2026-03-17 20:00:00+00:00,74511.21,74799.0,73871.74,73909.36
2026-03-18 00:00:00+00:00,73909.37,74672.34,73535.36,74446.14
2026-03-18 04:00:00+00:00,74446.14,74486.3,73700.01,73883.8
2026-03-18 08:00:00+00:00,73883.8,74281.33,72800.0,72952.85
2026-03-18 12:00:00+00:00,72952.85,72981.79,70857.21,71467.82
2026-03-18 16:00:00+00:00,71467.82,72000.5,70933.85,71072.38
2026-03-18 20:00:00+00:00,71072.38,71451.22,70500.0,71246.54
2026-03-19 00:00:00+00:00,71246.55,71613.79,70902.37,71215.39
2026-03-19 04:00:00+00:00,71215.39,71215.39,69478.51,70191.17
2026-03-19 08:00:00+00:00,70191.16,70560.91,69900.0,69952.75
2026-03-19 12:00:00+00:00,69952.75,70179.53,68793.35,69412.51
2026-03-19 16:00:00+00:00,69412.52,70596.42,69122.03,70271.99
2026-03-19 20:00:00+00:00,70272.0,70695.6,69718.23,69930.0
2026-03-20 00:00:00+00:00,69930.01,70809.43,69837.1,70729.92
2026-03-20 04:00:00+00:00,70729.93,70969.71,70160.06,70854.66
2026-03-20 08:00:00+00:00,70854.66,71367.0,70218.68,70478.71
2026-03-20 12:00:00+00:00,70478.71,70685.63,69480.0,69860.09
2026-03-20 16:00:00+00:00,69860.09,70190.18,69388.0,70177.86
2026-03-20 20:00:00+00:00,70177.85,70923.75,69754.71,70510.73
2026-03-21 00:00:00+00:00,70510.73,70826.0,70431.67,70657.35
2026-03-21 04:00:00+00:00,70657.35,70879.76,70617.05,70727.33
2026-03-21 08:00:00+00:00,70727.33,70753.79,70492.02,70652.72
2026-03-21 12:00:00+00:00,70652.73,71100.94,70453.09,70630.02
2026-03-21 16:00:00+00:00,70630.02,70652.64,70210.0,70396.0
2026-03-21 20:00:00+00:00,70396.01,70516.82,68571.42,68918.12
2026-03-22 00:00:00+00:00,68918.12,69588.79,68228.5,69339.99
2026-03-22 04:00:00+00:00,69340.0,69526.85,68892.93,68919.38
2026-03-22 08:00:00+00:00,68919.37,68990.67,68110.55,68217.95
2026-03-22 12:00:00+00:00,68217.94,69005.71,68199.04,68847.96
2026-03-22 16:00:00+00:00,68847.97,68885.53,68145.01,68199.93
2026-03-22 20:00:00+00:00,68199.93,68498.4,67360.66,67859.0
2026-03-23 00:00:00+00:00,67859.0,68585.12,67445.18,68074.6
2026-03-23 04:00:00+00:00,68074.6,68915.4,67502.48,68333.16
2026-03-23 08:00:00+00:00,68333.16,71499.0,67916.14,70122.15
2026-03-23 12:00:00+00:00,70122.15,71817.09,69671.95,70131.48
2026-03-23 16:00:00+00:00,70131.48,71246.01,70131.47,70679.05
2026-03-23 20:00:00+00:00,70679.04,70998.0,70404.39,70906.45
2026-03-24 00:00:00+00:00,70906.45,71099.96,70278.46,70542.9
2026-03-24 04:00:00+00:00,70542.9,71400.0,70119.06,71291.7
2026-03-24 08:00:00+00:00,71291.7,71368.61,70850.11,71157.77
2026-03-24 12:00:00+00:00,71157.77,71177.66,69507.34,69873.04
2026-03-24 16:00:00+00:00,69873.04,70001.92,68923.07,69377.33
2026-03-24 20:00:00+00:00,69377.33,70832.54,69296.15,70556.74
2026-03-25 00:00:00+00:00,70556.74,71100.28,70408.0,70716.7
2026-03-25 04:00:00+00:00,70716.7,71345.0,70703.83,70926.88
2026-03-25 08:00:00+00:00,70926.88,72026.09,70800.0,71678.97
2026-03-25 12:00:00+00:00,71678.97,71963.71,70530.47,70832.99
2026-03-25 16:00:00+00:00,70832.99,71752.88,70681.07,70883.31
2026-03-25 20:00:00+00:00,70883.32,71594.11,70646.34,71336.53
2026-03-26 00:00:00+00:00,71336.53,71436.82,70672.37,70921.47
2026-03-26 04:00:00+00:00,70921.47,70921.47,69805.0,70087.44
2026-03-26 08:00:00+00:00,70087.44,70144.44,69192.96,69276.01
2026-03-26 12:00:00+00:00,69276.01,69877.45,68632.4,69082.64
2026-03-26 16:00:00+00:00,69082.64,69162.0,68153.0,68534.36
2026-03-26 20:00:00+00:00,68534.37,69478.42,68436.74,68820.31
2026-03-27 00:00:00+00:00,68820.31,69179.05,68531.37,68767.51
2026-03-27 04:00:00+00:00,68767.5,68955.53,68304.14,68540.48
2026-03-27 08:00:00+00:00,68540.49,68635.07,66231.96,66702.78
2026-03-27 12:00:00+00:00,66702.78,66773.25,65730.17,66112.82
2026-03-27 16:00:00+00:00,66112.82,66290.0,65548.25,66040.66
2026-03-27 20:00:00+00:00,66040.65,66420.75,65817.44,66407.28
2026-03-28 00:00:00+00:00,66407.28,66520.46,65932.09,66240.0
2026-03-28 04:00:00+00:00,66240.0,66573.61,66110.0,66561.48
2026-03-28 08:00:00+00:00,66561.49,66570.09,66124.4,66319.47
2026-03-28 12:00:00+00:00,66319.46,67288.94,66240.87,67014.91
2026-03-28 16:00:00+00:00,67014.92,67096.77,66704.0,66916.52
2026-03-28 20:00:00+00:00,66916.52,67010.0,66283.38,66377.03
2026-03-29 00:00:00+00:00,66377.04,67130.5,66281.4,66912.0
2026-03-29 04:00:00+00:00,66912.0,66936.6,66556.78,66671.0
2026-03-29 08:00:00+00:00,66671.0,66988.01,66418.0,66816.28
2026-03-29 12:00:00+00:00,66816.29,66875.24,66334.37,66523.0
2026-03-29 16:00:00+00:00,66523.01,66665.05,66158.26,66348.62
2026-03-29 20:00:00+00:00,66348.61,66793.83,65000.0,66010.93
2026-03-30 00:00:00+00:00,66010.93,67450.0,65800.59,67173.8
2026-03-30 04:00:00+00:00,67173.8,67800.0,67167.92,67624.39
2026-03-30 08:00:00+00:00,67624.39,68042.3,67360.41,67680.45
2026-03-30 12:00:00+00:00,67680.44,68169.65,67088.73,67629.4
2026-03-30 16:00:00+00:00,67629.4,67641.65,66233.13,66550.05
2026-03-30 20:00:00+00:00,66550.06,66994.17,66419.79,66797.37
2026-03-31 00:00:00+00:00,66797.38,68408.37,66544.51,67704.74
2026-03-31 04:00:00+00:00,67704.74,67979.38,67103.32,67367.69
2026-03-31 08:00:00+00:00,67367.7,67496.0,65998.05,66685.69
2026-03-31 12:00:00+00:00,66685.69,67767.87,66427.53,66736.8
2026-03-31 16:00:00+00:00,66736.79,68589.49,66729.28,67838.8
2026-03-31 20:00:00+00:00,67838.79,68410.3,67831.7,68284.48
2026-04-01 00:00:00+00:00,68284.49,68378.64,67578.75,68170.67
2026-04-01 04:00:00+00:00,68170.67,69310.0,68005.33,68692.0
2026-04-01 08:00:00+00:00,68692.0,68851.35,68389.21,68712.52
2026-04-01 12:00:00+00:00,68712.52,68965.0,67918.83,68918.52
2026-04-01 16:00:00+00:00,68918.52,69171.77,67939.28,68176.84
2026-04-01 20:00:00+00:00,68176.84,68534.0,67964.48,68113.92
2026-04-02 00:00:00+00:00,68113.92,68653.38,66500.0,66576.25
2026-04-02 04:00:00+00:00,66576.25,66961.26,66217.07,66930.79
2026-04-02 08:00:00+00:00,66930.79,66930.79,66167.1,66220.28
2026-04-02 12:00:00+00:00,66220.28,67104.86,65712.12,66852.91
2026-04-02 16:00:00+00:00,66852.91,67430.99,66596.8,66975.99
2026-04-02 20:00:00+00:00,66976.0,67100.0,66731.08,66901.99
2026-04-03 00:00:00+00:00,66901.99,67000.0,66282.0,66579.97
2026-04-03 04:00:00+00:00,66579.98,67247.38,66416.68,67042.08
2026-04-03 08:00:00+00:00,67042.08,67288.0,66674.72,67017.44
2026-04-03 12:00:00+00:00,67017.43,67370.42,66508.1,66827.15
2026-04-03 16:00:00+00:00,66827.15,67069.0,66751.86,66885.74
2026-04-03 20:00:00+00:00,66885.73,66970.18,66826.13,66964.3
2026-04-04 00:00:00+00:00,66964.29,66968.28,66814.0,66832.18
2026-04-04 04:00:00+00:00,66832.18,67052.99,66775.91,67014.96
2026-04-04 08:00:00+00:00,67014.95,67232.72,66918.0,67156.93
2026-04-04 12:00:00+00:00,67156.93,67562.93,67029.07,67383.66
2026-04-04 16:00:00+00:00,67383.66,67543.6,67265.0,67288.42
2026-04-04 20:00:00+00:00,67288.42,67504.54,67186.62,67300.42
2026-04-05 00:00:00+00:00,67300.42,67307.28,66955.72,67145.98
2026-04-05 04:00:00+00:00,67145.98,67188.51,66611.66,66820.64
2026-04-05 08:00:00+00:00,66820.64,67150.0,66819.42,66999.0
2026-04-05 12:00:00+00:00,66998.99,67856.16,66680.57,67306.64
2026-04-05 16:00:00+00:00,67306.65,67560.45,67173.4,67361.01
2026-04-05 20:00:00+00:00,67361.01,69136.2,67332.66,69034.18
2026-04-06 00:00:00+00:00,69034.18,69588.0,68776.61,69123.69
2026-04-06 04:00:00+00:00,69123.69,69354.26,68806.53,69115.91
2026-04-06 08:00:00+00:00,69115.91,70283.32,69081.88,69614.91
2026-04-06 12:00:00+00:00,69614.91,69973.25,69163.86,69968.87
2026-04-06 16:00:00+00:00,69968.87,70351.46,69282.02,69739.53
2026-04-06 20:00:00+00:00,69739.52,69974.08,68300.0,68853.66
2026-04-07 00:00:00+00:00,68853.66,69128.2,68273.34,68779.21
2026-04-07 04:00:00+00:00,68779.2,68981.83,68443.0,68624.61
2026-04-07 08:00:00+00:00,68624.6,69247.9,68071.96,68345.75
2026-04-07 12:00:00+00:00,68345.75,68633.87,67732.01,68168.1
2026-04-07 16:00:00+00:00,68168.11,69098.44,68085.01,69011.29
2026-04-07 20:00:00+00:00,69011.29,72761.0,69011.29,71924.22
2026-04-08 00:00:00+00:00,71924.22,72110.65,71240.99,71287.39
2026-04-08 04:00:00+00:00,71287.39,71941.42,71287.38,71627.59
2026-04-08 08:00:00+00:00,71627.59,71955.0,71407.77,71675.12
2026-04-08 12:00:00+00:00,71675.12,72857.0,70707.23,71310.0
2026-04-08 16:00:00+00:00,71309.99,71963.94,71019.0,71318.48
2026-04-08 20:00:00+00:00,71318.47,71748.0,70901.89,71069.93
2026-04-09 00:00:00+00:00,71069.93,71198.8,70466.0,70992.39
2026-04-09 04:00:00+00:00,70992.37,71116.0,70689.38,70982.01
2026-04-09 08:00:00+00:00,70982.01,71575.0,70865.42,71150.17
2026-04-09 12:00:00+00:00,71150.17,72358.0,70522.77,72141.99
2026-04-09 16:00:00+00:00,72142.0,72550.0,71729.66,72096.32
2026-04-09 20:00:00+00:00,72096.33,73145.0,71585.25,71787.97
2026-04-10 00:00:00+00:00,71787.98,72387.0,71573.35,71868.67
2026-04-10 04:00:00+00:00,71868.67,72267.89,71428.0,71481.85
2026-04-10 08:00:00+00:00,71481.85,72261.93,71426.15,72127.59
2026-04-10 12:00:00+00:00,72127.59,73289.96,71899.51,72460.51
2026-04-10 16:00:00+00:00,72460.52,73264.76,72387.41,73236.11
2026-04-10 20:00:00+00:00,73236.11,73434.0,72700.6,72962.7
2026-04-11 00:00:00+00:00,72962.71,73094.89,72670.0,72866.63
2026-04-11 04:00:00+00:00,72866.62,72954.28,72612.16,72745.38
2026-04-11 08:00:00+00:00,72745.38,72915.95,72617.75,72907.05
2026-04-11 12:00:00+00:00,72907.05,72982.4,72513.09,72858.17
2026-04-11 16:00:00+00:00,72858.18,73790.0,72812.94,73687.15
2026-04-11 20:00:00+00:00,73687.16,73689.97,72907.4,73043.16
2026-04-12 00:00:00+00:00,73043.16,73137.24,71310.0,71593.19
2026-04-12 04:00:00+00:00,71593.18,71781.0,71417.22,71665.0
2026-04-12 08:00:00+00:00,71664.99,71805.85,71357.76,71468.55
2026-04-12 12:00:00+00:00,71468.54,71500.0,70604.07,70892.03
2026-04-12 16:00:00+00:00,70892.04,71222.58,70821.05,71084.18
2026-04-12 20:00:00+00:00,71084.18,71452.0,70505.88,70740.98
2026-04-13 00:00:00+00:00,70741.56,71271.78,70615.3,70976.0
2026-04-13 04:00:00+00:00,70975.99,71144.0,70672.72,70813.88
2026-04-13 08:00:00+00:00,70813.88,70997.12,70566.99,70929.68
2026-04-13 12:00:00+00:00,70929.68,72464.28,70758.5,71866.59
2026-04-13 16:00:00+00:00,71866.59,73480.0,71679.8,73322.82
2026-04-13 20:00:00+00:00,73322.0,74900.0,73007.08,74417.99
2026-04-14 00:00:00+00:00,74418.0,74579.32,73954.86,74444.43
2026-04-14 04:00:00+00:00,74444.44,74924.64,74150.6,74546.0
2026-04-14 08:00:00+00:00,74545.99,74910.0,74307.35,74376.52
2026-04-14 12:00:00+00:00,74376.52,76038.0,74277.19,75317.07
2026-04-14 16:00:00+00:00,75317.06,75688.0,73795.47,74223.18
2026-04-14 20:00:00+00:00,74223.3,74434.33,73806.09,74131.55
2026-04-15 00:00:00+00:00,74131.55,74786.72,74126.32,74345.97
2026-04-15 04:00:00+00:00,74345.98,74434.51,73514.0,73730.43
2026-04-15 08:00:00+00:00,73730.43,74256.44,73675.96,74201.78
2026-04-15 12:00:00+00:00,74201.78,74506.84,73580.85,73844.08
2026-04-15 16:00:00+00:00,73844.07,75281.0,73762.89,75002.6
2026-04-15 20:00:00+00:00,75002.6,75425.0,74512.06,74809.99
2026-04-16 00:00:00+00:00,74809.99,75267.85,74451.49,74888.21
2026-04-16 04:00:00+00:00,74888.21,75174.38,74636.0,74707.03
2026-04-16 08:00:00+00:00,74707.02,74901.5,74277.34,74574.79
2026-04-16 12:00:00+00:00,74574.8,75030.39,73309.85,74697.19
2026-04-16 16:00:00+00:00,74697.2,75410.71,73912.23,75342.99
2026-04-16 20:00:00+00:00,75343.0,75534.76,74789.5,75154.29
2026-04-17 00:00:00+00:00,75154.28,75154.77,74529.4,74615.82
2026-04-17 04:00:00+00:00,74615.82,75089.51,74555.12,75074.77
2026-04-17 08:00:00+00:00,75074.76,76370.25,74993.24,75589.7
2026-04-17 12:00:00+00:00,75589.7,78052.49,75531.97,77785.02
2026-04-17 16:00:00+00:00,77785.03,78333.0,77000.0,77393.58
2026-04-17 20:00:00+00:00,77393.58,77611.68,76911.0,77072.0
2026-04-18 00:00:00+00:00,77072.01,77420.08,76962.67,77005.47
2026-04-18 04:00:00+00:00,77005.47,77278.58,76884.1,76997.8
2026-04-18 08:00:00+00:00,76997.79,77048.0,75763.76,76039.05
2026-04-18 12:00:00+00:00,76039.06,76363.75,75797.53,76167.34
2026-04-18 16:00:00+00:00,76167.33,76211.57,75445.16,75649.85
2026-04-18 20:00:00+00:00,75649.86,75891.64,75599.64,75691.76
2026-04-19 00:00:00+00:00,75691.76,75847.42,75357.0,75515.77
2026-04-19 04:00:00+00:00,75515.76,75782.63,74867.72,75252.34
2026-04-19 08:00:00+00:00,75252.33,75641.99,74921.74,75604.11
2026-04-19 12:00:00+00:00,75604.11,76240.66,75401.44,75846.63
2026-04-19 16:00:00+00:00,75846.63,75853.26,74608.0,74965.47
2026-04-19 20:00:00+00:00,74965.46,74965.47,73762.9,73801.79
2026-04-20 00:00:00+00:00,73801.8,74746.93,73724.31,74634.0
2026-04-20 04:00:00+00:00,74634.01,75572.0,74095.18,74837.17
2026-04-20 08:00:00+00:00,74837.18,75404.63,74619.41,75192.71
2026-04-20 12:00:00+00:00,75192.72,75772.72,74702.0,75716.77
2026-04-20 16:00:00+00:00,75716.78,76486.67,75289.92,76296.96
2026-04-20 20:00:00+00:00,76296.97,76558.62,75617.6,75840.97
2026-04-21 00:00:00+00:00,75840.97,76263.4,75474.77,75710.3
2026-04-21 04:00:00+00:00,75710.31,76300.0,75600.0,76084.34
2026-04-21 08:00:00+00:00,76084.34,76927.57,76063.98,76452.94
2026-04-21 12:00:00+00:00,76452.94,76595.3,75430.62,75834.65
2026-04-21 16:00:00+00:00,75834.66,76190.72,74821.57,75023.43
2026-04-21 20:00:00+00:00,75023.43,76425.37,74967.58,76336.15
2026-04-22 00:00:00+00:00,76336.14,77733.11,76132.95,77521.48
2026-04-22 04:00:00+00:00,77521.47,78452.18,77364.25,78012.79
2026-04-22 08:00:00+00:00,78012.78,78399.0,77941.59,78300.0
2026-04-22 12:00:00+00:00,78300.0,79400.0,78114.04,79272.9
2026-04-22 16:00:00+00:00,79272.91,79472.82,78632.37,78846.62
2026-04-22 20:00:00+00:00,78846.62,78915.84,78155.83,78178.23
2026-04-23 00:00:00+00:00,78178.22,78574.44,77453.43,77746.46
2026-04-23 04:00:00+00:00,77746.47,78339.35,77675.8,78048.62
2026-04-23 08:00:00+00:00,78048.61,78175.52,77174.01,77704.62
2026-04-23 12:00:00+00:00,77704.61,78662.5,77379.92,78376.76
2026-04-23 16:00:00+00:00,78376.77,78509.82,76960.0,77727.26
2026-04-23 20:00:00+00:00,77727.25,78331.0,77637.5,78257.48
2026-04-24 00:00:00+00:00,78257.48,78581.93,77555.0,77737.85
2026-04-24 04:00:00+00:00,77737.84,78057.65,77457.0,77644.6
2026-04-24 08:00:00+00:00,77644.59,78372.58,77402.01,78240.26
2026-04-24 12:00:00+00:00,78240.27,78479.37,77577.22,78038.62
2026-04-24 16:00:00+00:00,78038.63,78060.29,77363.63,77628.85
2026-04-24 20:00:00+00:00,77628.84,77757.14,77264.08,77437.13
2026-04-25 00:00:00+00:00,77437.13,77711.87,77309.92,77679.07
2026-04-25 04:00:00+00:00,77679.08,77691.23,77450.0,77501.19
2026-04-25 08:00:00+00:00,77501.19,77885.35,77491.36,77682.3
2026-04-25 12:00:00+00:00,77682.29,77752.54,77299.89,77330.26
2026-04-25 16:00:00+00:00,77330.25,77454.31,77140.23,77330.01
2026-04-25 20:00:00+00:00,77330.0,77650.0,77311.05,77625.0
2026-04-26 00:00:00+00:00,77625.0,77642.43,77326.51,77400.21
2026-04-26 04:00:00+00:00,77400.21,78200.0,77383.46,78102.53
2026-04-26 08:00:00+00:00,78102.53,78210.0,77926.59,78101.44
2026-04-26 12:00:00+00:00,78101.43,78173.15,77770.0,78049.0
2026-04-26 16:00:00+00:00,78049.0,78500.0,77850.0,78221.16
2026-04-26 20:00:00+00:00,78221.17,78961.0,77843.75,78657.55
2026-04-27 00:00:00+00:00,78657.55,79485.66,78400.03,79105.49
2026-04-27 04:00:00+00:00,79105.5,79160.0,77465.05,77606.6
2026-04-27 08:00:00+00:00,77606.59,77980.0,77553.23,77844.26
2026-04-27 12:00:00+00:00,77844.25,78265.34,76564.33,76793.09
2026-04-27 16:00:00+00:00,76793.1,76990.43,76459.64,76878.07
2026-04-27 20:00:00+00:00,76878.23,77450.0,76763.71,77371.32
2026-04-28 00:00:00+00:00,77371.32,77478.0,76672.0,76815.18
2026-04-28 04:00:00+00:00,76815.18,77154.0,76424.9,76879.28
2026-04-28 08:00:00+00:00,76879.28,77013.63,76130.1,76229.0
2026-04-28 12:00:00+00:00,76228.99,76421.94,75666.6,76066.38
2026-04-28 16:00:00+00:00,76066.37,76380.83,75881.28,76330.97
2026-04-28 20:00:00+00:00,76330.97,76481.3,76197.02,76342.77
2026-04-29 00:00:00+00:00,76342.78,77127.62,76187.75,76994.78
2026-04-29 04:00:00+00:00,76994.77,77455.71,76880.0,77053.64
2026-04-29 08:00:00+00:00,77053.65,77904.93,76972.32,77590.03
2026-04-29 12:00:00+00:00,77590.04,77596.39,75705.32,75924.25
2026-04-29 16:00:00+00:00,75924.24,76274.8,74937.52,75563.86
2026-04-29 20:00:00+00:00,75563.87,76088.9,75497.43,75780.0
2026-04-30 00:00:00+00:00,75780.0,76473.26,75494.7,75928.1
2026-04-30 04:00:00+00:00,75928.09,76179.91,75323.65,76161.67
2026-04-30 08:00:00+00:00,76161.67,76339.38,75876.29,76059.43
2026-04-30 12:00:00+00:00,76059.42,76669.14,76042.75,76473.6
2026-04-30 16:00:00+00:00,76473.6,76514.8,76111.0,76412.8
2026-04-30 20:00:00+00:00,76412.8,76568.9,76206.02,76346.57
2026-05-01 00:00:00+00:00,76346.58,77453.74,76320.42,77131.08
2026-05-01 04:00:00+00:00,77131.08,77206.38,76653.6,77130.54
2026-05-01 08:00:00+00:00,77130.54,77600.0,77048.0,77463.98
2026-05-01 12:00:00+00:00,77463.98,78914.12,77408.73,78445.89
2026-05-01 16:00:00+00:00,78445.88,78683.23,78131.02,78360.0
2026-05-01 20:00:00+00:00,78360.01,78422.81,77752.0,78231.13
2026-05-02 00:00:00+00:00,78231.13,78514.82,78166.48,78400.0
2026-05-02 04:00:00+00:00,78399.99,78448.99,78040.0,78220.0
2026-05-02 08:00:00+00:00,78220.0,78394.0,78094.43,78143.08
2026-05-02 12:00:00+00:00,78143.09,78487.68,78108.41,78487.67
2026-05-02 16:00:00+00:00,78487.67,78596.61,78310.54,78486.0
2026-05-02 20:00:00+00:00,78486.23,79199.48,78418.32,78686.85
2026-05-03 00:00:00+00:00,78686.84,78754.55,78108.75,78203.08
2026-05-03 04:00:00+00:00,78203.07,78483.67,78084.08,78363.25
2026-05-03 08:00:00+00:00,78363.24,78849.22,78354.53,78656.01
2026-05-03 12:00:00+00:00,78656.01,78878.77,78586.99,78668.36
2026-05-03 16:00:00+00:00,78668.36,78853.32,78558.65,78760.32
2026-05-03 20:00:00+00:00,78760.32,79447.0,78484.42,78568.57
2026-05-04 00:00:00+00:00,78568.58,80458.0,78288.88,80316.31
2026-05-04 04:00:00+00:00,80316.3,80635.51,79500.0,79696.75
2026-05-04 08:00:00+00:00,79696.75,79930.0,78202.0,78793.67
2026-05-04 12:00:00+00:00,78793.67,80545.17,78500.0,80028.85
2026-05-04 16:00:00+00:00,80028.85,80776.99,79619.33,80053.31
2026-05-04 20:00:00+00:00,80053.31,80397.19,79744.91,79861.01
2026-05-05 00:00:00+00:00,79861.01,81083.98,79808.72,80893.08
2026-05-05 04:00:00+00:00,80893.08,81323.52,80725.0,80855.59
2026-05-05 08:00:00+00:00,80855.59,81095.48,80527.76,81014.05
2026-05-05 12:00:00+00:00,81014.05,81712.32,80932.54,81525.19
2026-05-05 16:00:00+00:00,81525.19,81680.0,81050.04,81606.35
2026-05-05 20:00:00+00:00,81606.35,81791.48,80790.0,80905.52
2026-05-06 00:00:00+00:00,80905.53,81760.84,80731.14,81581.69
2026-05-06 04:00:00+00:00,81581.7,81649.99,81060.0,81359.82
2026-05-06 08:00:00+00:00,81359.82,82850.0,81328.68,82522.89
2026-05-06 12:00:00+00:00,82522.88,82539.33,81136.0,81704.25
2026-05-06 16:00:00+00:00,81704.25,81907.51,81200.0,81464.87
2026-05-06 20:00:00+00:00,81464.86,81700.0,81000.0,81447.01
2026-05-07 00:00:00+00:00,81447.01,81490.03,80830.23,80834.91
2026-05-07 04:00:00+00:00,80834.92,81708.32,80725.09,81518.58
2026-05-07 08:00:00+00:00,81518.57,81590.0,80572.4,80866.65
2026-05-07 12:00:00+00:00,80866.65,81180.0,79699.52,79890.63
2026-05-07 16:00:00+00:00,79890.0,80269.06,79500.0,80146.11
2026-05-07 20:00:00+00:00,80146.77,80371.23,79582.95,80006.0
2026-05-08 00:00:00+00:00,80006.0,80142.84,79181.48,79578.85
2026-05-08 04:00:00+00:00,79578.84,79778.95,79248.58,79682.4
2026-05-08 08:00:00+00:00,79682.4,80340.94,79666.05,80231.22
2026-05-08 12:00:00+00:00,80231.22,80500.0,79549.54,80142.14
2026-05-08 16:00:00+00:00,80142.13,80299.99,79738.75,80179.94
2026-05-08 20:00:00+00:00,80180.0,80409.09,80089.76,80193.17
2026-05-09 00:00:00+00:00,80193.18,80550.67,80129.85,80383.95
2026-05-09 04:00:00+00:00,80383.96,80666.66,80135.0,80228.89
2026-05-09 08:00:00+00:00,80228.88,80452.44,80166.26,80345.46
2026-05-09 12:00:00+00:00,80345.47,80600.0,80234.0,80527.92
2026-05-09 16:00:00+00:00,80527.92,81080.0,80487.4,80938.53
2026-05-09 20:00:00+00:00,80938.53,80938.53,80621.88,80678.4
2026-05-10 00:00:00+00:00,80678.41,80887.15,80572.77,80775.0
2026-05-10 04:00:00+00:00,80774.99,80840.0,80658.97,80736.03
2026-05-10 08:00:00+00:00,80736.03,80975.4,80691.0,80821.21
2026-05-10 12:00:00+00:00,80821.21,81442.81,80784.2,81418.01
2026-05-10 16:00:00+00:00,81418.01,81583.11,81148.0,81437.83
2026-05-10 20:00:00+00:00,81437.83,82479.32,80279.77,82210.07
2026-05-11 00:00:00+00:00,82210.07,82380.0,80525.0,80736.01
2026-05-11 04:00:00+00:00,80736.0,81049.51,80639.99,80740.4
2026-05-11 08:00:00+00:00,80740.4,81200.0,80621.87,81196.94
2026-05-11 12:00:00+00:00,81196.95,81458.0,80462.97,81445.9
2026-05-11 16:00:00+00:00,81445.89,82137.26,81344.72,81961.99
2026-05-11 20:00:00+00:00,81961.99,82078.91,81596.31,81745.65
2026-05-12 00:00:00+00:00,81745.66,81788.0,80714.28,81058.8
2026-05-12 04:00:00+00:00,81058.79,81305.24,80800.77,80865.4
2026-05-12 08:00:00+00:00,80865.4,80964.13,80496.57,80784.87
2026-05-12 12:00:00+00:00,80784.86,80999.0,80188.65,80336.01
2026-05-12 16:00:00+00:00,80336.01,80874.42,79843.59,80834.64
2026-05-12 20:00:00+00:00,80835.3,80896.25,80439.91,80504.47
2026-05-13 00:00:00+00:00,80504.47,81299.99,80412.15,81249.99
2026-05-13 04:00:00+00:00,81249.99,81281.07,80889.12,81026.92
2026-05-13 08:00:00+00:00,81026.92,81324.64,80494.98,80501.22
2026-05-13 12:00:00+00:00,80501.22,80592.65,78807.22,78827.21
2026-05-13 16:00:00+00:00,78827.21,79800.0,78754.65,79642.41
2026-05-13 20:00:00+00:00,79642.41,79760.0,79228.0,79313.61
2026-05-14 00:00:00+00:00,79313.61,79681.73,78922.0,79044.85
2026-05-14 04:00:00+00:00,79044.86,79998.0,78982.06,79745.98
2026-05-14 08:00:00+00:00,79745.99,79936.98,79234.0,79258.27
2026-05-14 12:00:00+00:00,79258.27,81332.23,79230.31,81301.23
2026-05-14 16:00:00+00:00,81301.22,82048.13,81080.25,81419.74
2026-05-14 20:00:00+00:00,81419.75,81590.19,81059.93,81089.99
2026-05-15 00:00:00+00:00,81090.0,81664.45,80750.0,81059.15
2026-05-15 04:00:00+00:00,81059.15,81100.0,80314.0,80814.88
2026-05-15 08:00:00+00:00,80814.88,80822.95,80369.0,80628.53
2026-05-15 12:00:00+00:00,80628.52,80635.44,78659.0,79150.27
2026-05-15 16:00:00+00:00,79150.26,79561.94,79051.0,79146.5
2026-05-15 20:00:00+00:00,79146.5,79217.07,78911.42,79113.21
2026-05-16 00:00:00+00:00,79113.2,79227.77,79010.0,79083.18
2026-05-16 04:00:00+00:00,79083.19,79129.71,78066.0,78369.77
2026-05-16 08:00:00+00:00,78369.78,78530.52,77640.0,78081.71
2026-05-16 12:00:00+00:00,78080.46,78346.0,77833.4,78238.67
2026-05-16 16:00:00+00:00,78238.68,78364.65,78119.72,78259.66
2026-05-16 20:00:00+00:00,78259.67,78318.94,78125.32,78148.05
2026-05-17 00:00:00+00:00,78148.05,78243.19,77721.19,78028.88
2026-05-17 04:00:00+00:00,78028.88,78323.96,78003.35,78180.01
2026-05-17 08:00:00+00:00,78180.0,78599.99,78033.01,78415.99
2026-05-17 12:00:00+00:00,78415.99,78550.0,77850.0,78051.41
2026-05-17 16:00:00+00:00,78051.42,78468.46,77856.69,78415.3
2026-05-17 20:00:00+00:00,78415.29,78485.36,76735.16,77457.67
2026-05-18 00:00:00+00:00,77457.67,77477.99,76707.61,76924.65
2026-05-18 04:00:00+00:00,76924.66,77089.29,76583.33,77073.69
2026-05-18 08:00:00+00:00,77073.69,77403.48,76668.58,77285.83
2026-05-18 12:00:00+00:00,77285.83,77800.0,76051.0,76409.46
2026-05-18 16:00:00+00:00,76409.46,76995.0,76144.24,76928.0
2026-05-18 20:00:00+00:00,76928.0,77222.79,76800.0,77001.87
2026-05-19 00:00:00+00:00,77001.88,77414.62,76487.83,76787.11
2026-05-19 04:00:00+00:00,76787.1,77278.57,76644.98,77233.69
2026-05-19 08:00:00+00:00,77233.68,77317.02,76633.83,76714.62
2026-05-19 12:00:00+00:00,76714.61,77048.72,76144.71,76521.23
2026-05-19 16:00:00+00:00,76521.24,77065.8,76407.72,76818.74
2026-05-19 20:00:00+00:00,76818.73,77040.83,76642.95,76834.36
2026-05-20 00:00:00+00:00,76834.36,76922.46,76516.74,76723.54
2026-05-20 04:00:00+00:00,76723.55,77472.21,76692.0,77282.64
2026-05-20 08:00:00+00:00,77282.65,77663.0,77210.33,77382.49
2026-05-20 12:00:00+00:00,77382.5,77853.04,76891.61,77455.46
2026-05-20 16:00:00+00:00,77455.45,77713.66,77018.38,77667.49
2026-05-20 20:00:00+00:00,77667.49,77766.6,77226.61,77552.23
2026-05-21 00:00:00+00:00,77552.24,78173.15,77525.0,78078.72
2026-05-21 04:00:00+00:00,78078.72,78180.01,77521.0,77889.01
2026-05-21 08:00:00+00:00,77889.01,78200.0,77147.15,77189.1
2026-05-21 12:00:00+00:00,77189.1,77402.12,76719.47,77259.46
2026-05-21 16:00:00+00:00,77259.45,78098.16,77008.75,77690.56
2026-05-21 20:00:00+00:00,77690.56,77813.35,77534.43,77615.52
2026-05-22 00:00:00+00:00,77615.52,77817.8,77327.28,77779.98
2026-05-22 04:00:00+00:00,77779.98,77900.0,77288.77,77408.06
2026-05-22 08:00:00+00:00,77408.07,77535.0,77184.45,77428.84
2026-05-22 12:00:00+00:00,77428.83,77584.94,76570.0,76790.59
2026-05-22 16:00:00+00:00,76790.6,77093.72,75668.76,75860.44
2026-05-22 20:00:00+00:00,75860.44,76087.85,75359.18,75539.5
2026-05-23 00:00:00+00:00,75539.5,75664.62,75220.0,75635.22
2026-05-23 04:00:00+00:00,75635.22,75650.63,74289.6,74609.36
2026-05-23 08:00:00+00:00,74609.37,74873.55,74303.56,74789.99
2026-05-23 12:00:00+00:00,74789.99,75726.3,74660.05,75520.0
2026-05-23 16:00:00+00:00,75519.99,76012.22,75371.72,75983.45
2026-05-23 20:00:00+00:00,75983.45,77404.18,75953.94,76752.01
2026-05-24 00:00:00+00:00,76752.0,77011.62,76629.02,76750.0
2026-05-24 04:00:00+00:00,76750.01,77065.94,76651.59,76799.99
2026-05-24 08:00:00+00:00,76799.99,77543.15,76734.42,77320.06
2026-05-24 12:00:00+00:00,77320.06,77325.72,76195.36,76371.59
2026-05-24 16:00:00+00:00,76371.59,76799.99,76371.59,76773.34
2026-05-24 20:00:00+00:00,76773.33,77225.97,76108.0,77064.96
2026-05-25 00:00:00+00:00,77064.96,77485.0,76914.25,77026.67
2026-05-25 04:00:00+00:00,77026.68,77650.0,76990.78,77401.12
2026-05-25 08:00:00+00:00,77401.11,77699.97,77280.32,77357.5
2026-05-25 12:00:00+00:00,77357.5,77905.52,77286.5,77628.82
2026-05-25 16:00:00+00:00,77628.82,77807.29,77343.61,77441.86
2026-05-25 20:00:00+00:00,77441.85,77500.0,77019.82,77322.01
2026-05-26 00:00:00+00:00,77322.01,77345.0,76475.59,76664.01
2026-05-26 04:00:00+00:00,76664.0,77059.74,76603.73,76730.84
2026-05-26 08:00:00+00:00,76730.84,77621.75,76586.94,77183.55
2026-05-26 12:00:00+00:00,77183.56,78080.0,76272.63,76518.1
2026-05-26 16:00:00+00:00,76518.1,76710.01,75779.3,76052.0
2026-05-26 20:00:00+00:00,76052.0,76180.0,75677.97,75930.01
2026-05-27 00:00:00+00:00,75930.01,76104.02,75607.62,75683.0
2026-05-27 04:00:00+00:00,75683.0,75980.0,75310.9,75977.17
2026-05-27 08:00:00+00:00,75977.16,76071.41,75710.76,75769.18
2026-05-27 12:00:00+00:00,75769.18,76174.15,74758.33,75326.01
2026-05-27 16:00:00+00:00,75326.02,75408.01,74663.45,75066.08
2026-05-27 20:00:00+00:00,75066.09,75415.81,74243.99,74449.3
2026-05-28 00:00:00+00:00,74449.31,74590.77,73060.59,73258.01
2026-05-28 04:00:00+00:00,73258.0,73512.14,72728.85,73498.0
2026-05-28 08:00:00+00:00,73498.0,73616.0,73193.13,73505.66
2026-05-28 12:00:00+00:00,73505.65,73580.75,72582.82,72928.73
2026-05-28 16:00:00+00:00,72928.73,73749.69,72741.4,73419.32
2026-05-28 20:00:00+00:00,73419.31,73949.22,73241.48,73617.51
2026-05-29 00:00:00+00:00,73617.52,73868.33,73189.11,73301.52
2026-05-29 04:00:00+00:00,73301.53,73939.19,73210.21,73528.56
2026-05-29 08:00:00+00:00,73528.55,73902.85,73341.85,73487.98
2026-05-29 12:00:00+00:00,73487.98,74200.0,72512.49,73808.26
2026-05-29 16:00:00+00:00,73808.25,74514.1,73187.25,73520.28
2026-05-29 20:00:00+00:00,73520.29,73844.0,73320.0,73460.78
2026-05-30 00:00:00+00:00,73460.78,73796.43,73408.62,73524.01
2026-05-30 04:00:00+00:00,73524.01,73709.91,73216.0,73548.6
2026-05-30 08:00:00+00:00,73548.6,73680.75,73500.02,73602.02
2026-05-30 12:00:00+00:00,73602.01,74100.0,73594.4,73930.14
2026-05-30 16:00:00+00:00,73930.13,74143.76,73811.3,74016.65
2026-05-30 20:00:00+00:00,74016.64,74054.0,73781.3,73884.38
2026-05-31 00:00:00+00:00,73884.38,74275.66,73858.56,74150.64
2026-05-31 04:00:00+00:00,74150.64,74221.33,73836.0,73871.24
2026-05-31 08:00:00+00:00,73871.25,74024.0,73699.2,73937.79
2026-05-31 12:00:00+00:00,73937.63,74023.99,73483.05,73655.21
2026-05-31 16:00:00+00:00,73655.2,73734.0,73400.0,73563.42
2026-05-31 20:00:00+00:00,73563.41,74198.0,73500.0,73674.39
2026-06-01 00:00:00+00:00,73674.39,74092.0,73222.0,73769.06
2026-06-01 04:00:00+00:00,73769.06,73841.37,72704.0,72818.0
2026-06-01 08:00:00+00:00,72818.0,73095.64,72290.0,72479.99
2026-06-01 12:00:00+00:00,72480.0,72610.0,71066.33,71129.62
2026-06-01 16:00:00+00:00,71129.62,71800.73,70686.68,71595.24
2026-06-01 20:00:00+00:00,71595.24,71690.0,70840.9,71408.9
2026-06-02 00:00:00+00:00,71408.9,71408.9,70111.0,70953.69
2026-06-02 04:00:00+00:00,70953.7,71048.0,69733.0,70118.42
2026-06-02 08:00:00+00:00,70118.42,70172.0,69324.65,69461.72
2026-06-02 12:00:00+00:00,69461.73,69548.13,67076.0,67304.28
2026-06-02 16:00:00+00:00,67304.29,68146.3,66432.0,67315.14
2026-06-02 20:00:00+00:00,67315.14,67923.24,66193.0,66760.83
2026-06-03 00:00:00+00:00,66760.84,67204.15,65426.34,65849.9
2026-06-03 04:00:00+00:00,65849.9,67516.0,65834.0,67220.03
2026-06-03 08:00:00+00:00,67220.03,67476.69,66656.48,67067.37
2026-06-03 12:00:00+00:00,67067.37,67244.62,66076.0,66076.01
2026-06-03 16:00:00+00:00,66076.01,66373.18,65251.0,65462.0
2026-06-03 20:00:00+00:00,65461.99,65860.0,64092.49,64142.75
2026-06-04 00:00:00+00:00,64142.75,64540.3,61383.56,64363.49
2026-06-04 04:00:00+00:00,64363.49,64764.32,63492.89,63603.15
2026-06-04 08:00:00+00:00,63603.15,63904.63,62205.0,62545.99
2026-06-04 12:00:00+00:00,62546.0,64494.92,62392.0,63896.17
2026-06-04 16:00:00+00:00,63896.16,64163.93,62944.91,63629.38
2026-06-04 20:00:00+00:00,63629.38,63918.0,63106.04,63885.99
2026-06-05 00:00:00+00:00,63885.99,63978.0,62339.0,62730.0
2026-06-05 04:00:00+00:00,62730.0,63688.0,61126.01,63115.99
2026-06-05 08:00:00+00:00,63115.99,63259.9,61964.98,61964.99
2026-06-05 12:00:00+00:00,61964.99,62457.86,60000.0,60438.01
2026-06-05 16:00:00+00:00,60438.0,61547.24,59130.91,60300.24
2026-06-05 20:00:00+00:00,60300.24,62000.0,59940.01,61056.47
2026-06-06 00:00:00+00:00,61056.47,61530.05,60520.0,60687.04
2026-06-06 04:00:00+00:00,60687.05,61276.95,59500.0,61004.95
2026-06-06 08:00:00+00:00,61004.95,61500.0,60198.0,60802.91
2026-06-06 12:00:00+00:00,60802.9,61185.26,60396.0,60784.0
2026-06-06 16:00:00+00:00,60784.01,60971.24,60393.96,60600.01
2026-06-06 20:00:00+00:00,60600.0,61000.0,60429.09,60884.62
2026-06-07 00:00:00+00:00,60884.62,61778.33,60746.0,61701.07
2026-06-07 04:00:00+00:00,61701.06,62416.26,61482.46,62404.73
2026-06-07 08:00:00+00:00,62404.72,62960.0,62259.37,62621.96
2026-06-07 12:00:00+00:00,62621.97,62643.97,61577.12,62093.99
2026-06-07 16:00:00+00:00,62093.99,62332.0,61184.0,61328.0
2026-06-07 20:00:00+00:00,61327.99,61882.0,61217.17,61749.48
