timestamp,symbol,interval,data_bars,live_net_pct,live_pf,live_trades,live_max_dd,oos_net_pct,oos_pf,oos_trades,accepted,params
2026-06-09 16:58,ETCUSDT,15m,5000,-15.55,0.478,84,-1568.96,-5.61,0.35,22,False,"{""er_thresh"": 0.3, ""atr_mult"": 3.5, ""don_len"": 15, ""chand_len"": 18}"
2026-06-09 20:44,ETCUSDT,15m,5000,-15.52,0.479,84,-1566.47,-6.91,0.301,23,False,"{""er_thresh"": 0.3, ""atr_mult"": 3.5, ""don_len"": 15, ""chand_len"": 18}"
2026-06-10 00:56,ETCUSDT,15m,5000,-15.15,0.486,83,-1567.21,-5.35,0.362,21,False,"{""er_thresh"": 0.3, ""atr_mult"": 3.5, ""don_len"": 15, ""chand_len"": 18}"
2026-06-10 05:36,ETCUSDT,15m,5000,-15.14,0.486,83,-1567.39,-5.34,0.363,21,False,"{""er_thresh"": 0.3, ""atr_mult"": 3.5, ""don_len"": 15, ""chand_len"": 18}"
2026-06-10 09:19,ETCUSDT,15m,5000,-15.17,0.485,83,-1566.77,-6.21,0.28,21,False,"{""er_thresh"": 0.3, ""atr_mult"": 3.5, ""don_len"": 15, ""chand_len"": 18}"
2026-06-10 13:16,ETCUSDT,15m,5000,-14.76,0.493,82,-1574.44,-5.92,0.29,20,False,"{""er_thresh"": 0.3, ""atr_mult"": 3.5, ""don_len"": 15, ""chand_len"": 18}"
2026-06-10 17:09,ETCUSDT,15m,5000,-15.27,0.484,83,-1565.45,-5.94,0.29,20,False,"{""er_thresh"": 0.3, ""atr_mult"": 3.5, ""don_len"": 15, ""chand_len"": 18}"
2026-06-10 20:57,ETCUSDT,15m,5000,-15.67,0.479,83,-1647.24,-6.9,0.26,21,False,"{""er_thresh"": 0.3, ""atr_mult"": 3.5, ""don_len"": 15, ""chand_len"": 18}"
2026-06-11 00:55,ETCUSDT,15m,5000,-15.52,0.483,84,-1647.23,-6.86,0.261,22,False,"{""er_thresh"": 0.3, ""atr_mult"": 3.5, ""don_len"": 15, ""chand_len"": 18}"
2026-06-11 05:39,ETCUSDT,15m,5000,-15.06,0.492,83,-1656.67,-6.6,0.27,21,False,"{""er_thresh"": 0.3, ""atr_mult"": 3.5, ""don_len"": 15, ""chand_len"": 18}"
2026-06-11 09:34,ETCUSDT,15m,5000,-15.27,0.489,84,-1664.54,-6.93,0.26,22,False,"{""er_thresh"": 0.3, ""atr_mult"": 3.5, ""don_len"": 15, ""chand_len"": 18}"
2026-06-11 13:24,ETCUSDT,15m,5000,-15.27,0.489,84,-1664.54,-6.92,0.26,22,False,"{""er_thresh"": 0.3, ""atr_mult"": 3.5, ""don_len"": 15, ""chand_len"": 18}"
2026-06-11 17:19,ETCUSDT,15m,5000,-16.19,0.471,86,-1646.52,-6.92,0.26,22,False,"{""er_thresh"": 0.3, ""atr_mult"": 3.5, ""don_len"": 15, ""chand_len"": 18}"
2026-06-11 20:52,ETCUSDT,15m,5000,-16.19,0.471,86,-1646.58,-6.92,0.26,22,False,"{""er_thresh"": 0.3, ""atr_mult"": 3.5, ""don_len"": 15, ""chand_len"": 18}"
2026-06-12 00:58,ETCUSDT,15m,5000,-15.46,0.485,85,-1660.92,-5.26,0.32,20,False,"{""er_thresh"": 0.3, ""atr_mult"": 3.5, ""don_len"": 15, ""chand_len"": 18}"
2026-06-12 05:38,ETCUSDT,15m,5000,-15.01,0.494,84,-1669.67,-4.49,0.424,20,False,"{""er_thresh"": 0.3, ""atr_mult"": 3.5, ""don_len"": 15, ""chand_len"": 18}"
2026-06-12 09:29,ETCUSDT,15m,5000,-15.01,0.494,84,-1669.64,-5.2,0.328,20,False,"{""er_thresh"": 0.3, ""atr_mult"": 3.5, ""don_len"": 15, ""chand_len"": 18}"
2026-06-12 13:14,ETCUSDT,15m,5000,-14.99,0.494,84,-1669.99,-6.58,0.241,22,False,"{""er_thresh"": 0.25, ""atr_mult"": 3.5, ""don_len"": 15, ""chand_len"": 18}"
2026-06-12 17:03,ETCUSDT,15m,5000,-13.99,0.527,83,-1689.7,-6.16,0.196,19,False,"{""er_thresh"": 0.3, ""atr_mult"": 3.5, ""don_len"": 15, ""chand_len"": 18}"
2026-06-12 20:48,ETCUSDT,15m,5000,-13.96,0.528,83,-1690.32,-6.96,0.194,21,False,"{""er_thresh"": 0.25, ""atr_mult"": 3.5, ""don_len"": 15, ""chand_len"": 18}"
2026-06-13 00:57,ETCUSDT,15m,5000,-15.16,0.48,83,-1666.69,-6.06,0.199,19,False,"{""er_thresh"": 0.3, ""atr_mult"": 3.5, ""don_len"": 15, ""chand_len"": 18}"
2026-06-13 05:35,ETCUSDT,15m,5000,-15.57,0.469,83,-1658.76,-5.89,0.203,18,False,"{""er_thresh"": 0.3, ""atr_mult"": 3.5, ""don_len"": 15, ""chand_len"": 18}"
2026-06-13 09:08,ETCUSDT,15m,5000,-15.32,0.474,82,-1663.6,-5.88,0.203,18,False,"{""er_thresh"": 0.3, ""atr_mult"": 3.5, ""don_len"": 15, ""chand_len"": 18}"
2026-06-13 12:41,ETCUSDT,15m,5000,-15.36,0.472,82,-1662.72,-5.93,0.202,18,False,"{""er_thresh"": 0.3, ""atr_mult"": 3.5, ""don_len"": 15, ""chand_len"": 18}"
2026-06-13 16:34,ETCUSDT,15m,5000,-16.19,0.438,82,-1646.51,-5.49,0.216,17,False,"{""er_thresh"": 0.3, ""atr_mult"": 3.5, ""don_len"": 15, ""chand_len"": 18}"
2026-06-13 20:32,ETCUSDT,15m,5000,-16.65,0.424,82,-1665.15,-5.49,0.216,17,False,"{""er_thresh"": 0.3, ""atr_mult"": 3.5, ""don_len"": 15, ""chand_len"": 18}"
2026-06-14 00:57,ETCUSDT,15m,5000,-16.42,0.428,81,-1641.97,-5.02,0.232,16,False,"{""er_thresh"": 0.3, ""atr_mult"": 3.5, ""don_len"": 15, ""chand_len"": 18}"
2026-06-14 05:38,ETCUSDT,15m,5000,-16.42,0.428,81,-1641.96,-5.02,0.232,16,False,"{""er_thresh"": 0.3, ""atr_mult"": 3.5, ""don_len"": 15, ""chand_len"": 18}"
2026-06-14 09:10,ETCUSDT,15m,5000,-16.42,0.428,81,-1641.97,-5.02,0.232,16,False,"{""er_thresh"": 0.3, ""atr_mult"": 3.5, ""don_len"": 15, ""chand_len"": 18}"
2026-06-14 12:44,ETCUSDT,15m,5000,-16.42,0.428,81,-1642.09,-5.02,0.232,16,False,"{""er_thresh"": 0.3, ""atr_mult"": 3.5, ""don_len"": 15, ""chand_len"": 18}"
2026-06-14 16:35,ETCUSDT,15m,5000,-15.79,0.44,80,-1593.96,-5.05,0.232,16,False,"{""er_thresh"": 0.3, ""atr_mult"": 3.5, ""don_len"": 15, ""chand_len"": 18}"
2026-06-14 20:32,ETCUSDT,15m,5000,-15.97,0.438,81,-1611.37,-5.05,0.232,16,False,"{""er_thresh"": 0.3, ""atr_mult"": 3.5, ""don_len"": 15, ""chand_len"": 18}"
2026-06-15 00:59,ETCUSDT,15m,5000,-16.1,0.435,82,-1624.79,-5.09,0.23,17,False,"{""er_thresh"": 0.3, ""atr_mult"": 3.5, ""don_len"": 15, ""chand_len"": 18}"
2026-06-15 05:52,ETCUSDT,15m,5000,-16.56,0.427,83,-1655.67,-5.09,0.23,17,False,"{""er_thresh"": 0.3, ""atr_mult"": 3.5, ""don_len"": 15, ""chand_len"": 18}"
2026-06-15 10:12,ETCUSDT,15m,5000,-16.1,0.435,82,-1624.79,-5.09,0.23,17,False,"{""er_thresh"": 0.3, ""atr_mult"": 3.5, ""don_len"": 15, ""chand_len"": 18}"
2026-06-15 14:12,ETCUSDT,15m,5000,-16.1,0.435,82,-1624.79,-5.09,0.23,17,False,"{""er_thresh"": 0.3, ""atr_mult"": 3.5, ""don_len"": 15, ""chand_len"": 18}"
2026-06-15 17:41,ETCUSDT,15m,5000,-16.1,0.435,82,-1624.79,-5.09,0.23,17,False,"{""er_thresh"": 0.3, ""atr_mult"": 3.5, ""don_len"": 15, ""chand_len"": 18}"
2026-06-15 21:05,ETCUSDT,15m,5000,-12.31,0.568,83,-1624.79,-1.95,0.718,19,False,"{""er_thresh"": 0.3, ""atr_mult"": 3.5, ""don_len"": 15, ""chand_len"": 18}"
2026-06-16 01:04,ETCUSDT,15m,5000,-12.31,0.568,83,-1624.8,-1.57,0.761,18,False,"{""er_thresh"": 0.3, ""atr_mult"": 3.5, ""don_len"": 15, ""chand_len"": 18}"
2026-06-16 05:54,ETCUSDT,15m,5000,-12.31,0.568,83,-1624.81,-1.57,0.761,18,False,"{""er_thresh"": 0.3, ""atr_mult"": 3.5, ""don_len"": 15, ""chand_len"": 18}"
2026-06-16 09:51,ETCUSDT,15m,5000,-12.31,0.568,83,-1624.82,-1.53,0.765,17,False,"{""er_thresh"": 0.3, ""atr_mult"": 3.5, ""don_len"": 15, ""chand_len"": 18}"
2026-06-16 13:53,ETCUSDT,15m,5000,-12.17,0.571,82,-1627.4,-1.52,0.766,17,False,"{""er_thresh"": 0.3, ""atr_mult"": 3.5, ""don_len"": 15, ""chand_len"": 18}"
2026-06-16 17:45,ETCUSDT,15m,5000,-12.17,0.571,82,-1627.4,-1.14,0.814,16,False,"{""er_thresh"": 0.3, ""atr_mult"": 3.5, ""don_len"": 15, ""chand_len"": 18}"
2026-06-16 21:06,ETCUSDT,15m,5000,-12.17,0.571,82,-1627.4,-1.14,0.814,16,False,"{""er_thresh"": 0.3, ""atr_mult"": 3.5, ""don_len"": 15, ""chand_len"": 18}"
2026-06-17 00:58,ETCUSDT,15m,5000,-12.17,0.571,82,-1627.4,-1.14,0.814,16,False,"{""er_thresh"": 0.3, ""atr_mult"": 3.5, ""don_len"": 15, ""chand_len"": 18}"
2026-06-17 05:43,ETCUSDT,15m,5000,-12.17,0.571,82,-1627.4,-1.14,0.814,16,False,"{""er_thresh"": 0.3, ""atr_mult"": 3.5, ""don_len"": 15, ""chand_len"": 18}"
2026-06-17 09:43,ETCUSDT,15m,5000,-12.17,0.571,82,-1627.4,-1.14,0.814,16,False,"{""er_thresh"": 0.3, ""atr_mult"": 3.5, ""don_len"": 15, ""chand_len"": 18}"
2026-06-17 13:21,ETCUSDT,15m,5000,-12.17,0.571,82,-1627.4,-1.14,0.814,16,False,"{""er_thresh"": 0.3, ""atr_mult"": 3.5, ""don_len"": 15, ""chand_len"": 18}"
2026-06-17 17:06,ETCUSDT,15m,5000,-12.17,0.571,82,-1627.4,-1.15,0.814,16,False,"{""er_thresh"": 0.3, ""atr_mult"": 3.5, ""don_len"": 15, ""chand_len"": 18}"
2026-06-17 20:47,ETCUSDT,15m,5000,-12.17,0.571,82,-1627.4,-1.14,0.815,16,False,"{""er_thresh"": 0.3, ""atr_mult"": 3.5, ""don_len"": 15, ""chand_len"": 18}"
2026-06-18 00:58,ETCUSDT,15m,5000,-12.17,0.571,82,-1627.4,-0.63,0.889,15,False,"{""er_thresh"": 0.3, ""atr_mult"": 3.5, ""don_len"": 15, ""chand_len"": 18}"
2026-06-18 05:40,ETCUSDT,15m,5000,-12.19,0.571,82,-1627.37,-0.65,0.889,15,False,"{""er_thresh"": 0.3, ""atr_mult"": 3.5, ""don_len"": 15, ""chand_len"": 18}"
2026-06-18 09:35,ETCUSDT,15m,5000,-12.2,0.571,82,-1627.34,-0.16,0.974,14,False,"{""er_thresh"": 0.3, ""atr_mult"": 3.5, ""don_len"": 15, ""chand_len"": 18}"
2026-06-18 13:15,ETCUSDT,15m,5000,-12.33,0.568,82,-1631.3,-0.16,0.973,14,False,"{""er_thresh"": 0.3, ""atr_mult"": 3.5, ""don_len"": 15, ""chand_len"": 18}"
2026-06-18 17:07,ETCUSDT,15m,5000,-11.9,0.585,82,-1639.32,-0.56,0.901,15,False,"{""er_thresh"": 0.3, ""atr_mult"": 3.5, ""don_len"": 15, ""chand_len"": 18}"
2026-06-18 20:53,ETCUSDT,15m,5000,-12.37,0.567,81,-1630.54,-0.27,0.949,15,False,"{""er_thresh"": 0.3, ""atr_mult"": 3.5, ""don_len"": 15, ""chand_len"": 18}"
2026-06-19 01:03,ETCUSDT,15m,5000,-12.39,0.567,81,-1630.54,-0.3,0.949,15,False,"{""er_thresh"": 0.3, ""atr_mult"": 3.5, ""don_len"": 15, ""chand_len"": 18}"
2026-06-19 05:47,ETCUSDT,15m,5000,-12.5,0.564,82,-1630.54,-0.33,0.939,15,False,"{""er_thresh"": 0.3, ""atr_mult"": 3.5, ""don_len"": 15, ""chand_len"": 18}"
2026-06-19 09:39,ETCUSDT,15m,5000,-12.5,0.564,82,-1630.55,-0.34,0.938,15,False,"{""er_thresh"": 0.3, ""atr_mult"": 3.5, ""don_len"": 15, ""chand_len"": 18}"
2026-06-19 13:16,ETCUSDT,15m,5000,-12.53,0.564,82,-1630.55,0.09,1.022,14,False,"{""er_thresh"": 0.3, ""atr_mult"": 3.5, ""don_len"": 15, ""chand_len"": 18}"
2026-06-19 16:52,ETCUSDT,15m,5000,-11.83,0.588,83,-1630.56,0.57,1.118,15,True,"{""er_thresh"": 0.3, ""atr_mult"": 3.5, ""don_len"": 15, ""chand_len"": 18}"
2026-06-19 20:35,ETCUSDT,15m,5000,-10.31,0.626,77,-1364.98,0.95,1.2,15,True,"{""er_thresh"": 0.3, ""atr_mult"": 3.5, ""don_len"": 15, ""chand_len"": 18}"
2026-06-20 00:53,ETCUSDT,15m,5000,-10.61,0.615,77,-1362.89,0.96,1.204,15,True,"{""er_thresh"": 0.3, ""atr_mult"": 3.5, ""don_len"": 15, ""chand_len"": 18}"
2026-06-20 05:33,ETCUSDT,15m,5000,-10.59,0.615,76,-1360.82,1.8,1.456,14,False,"{""er_thresh"": 0.3, ""atr_mult"": 3.5, ""don_len"": 15, ""chand_len"": 18}"
2026-06-20 09:08,ETCUSDT,15m,5000,-10.59,0.615,76,-1360.86,1.68,1.426,14,False,"{""er_thresh"": 0.3, ""atr_mult"": 3.5, ""don_len"": 15, ""chand_len"": 18}"
2026-06-20 12:41,ETCUSDT,15m,5000,-11.67,0.589,77,-1464.84,1.11,1.282,14,False,"{""er_thresh"": 0.3, ""atr_mult"": 3.5, ""don_len"": 15, ""chand_len"": 18}"
2026-06-20 16:35,ETCUSDT,15m,5000,-10.64,0.614,75,-1365.63,0.92,1.236,13,False,"{""er_thresh"": 0.3, ""atr_mult"": 3.5, ""don_len"": 15, ""chand_len"": 18}"
2026-06-20 20:32,ETCUSDT,15m,5000,-11.36,0.597,76,-1432.84,0.9,1.236,13,False,"{""er_thresh"": 0.3, ""atr_mult"": 3.5, ""don_len"": 15, ""chand_len"": 18}"
2026-06-21 00:59,ETCUSDT,15m,5000,-11.41,0.597,76,-1368.26,0.08,1.018,14,False,"{""er_thresh"": 0.3, ""atr_mult"": 3.5, ""don_len"": 15, ""chand_len"": 18}"
2026-06-21 05:41,ETCUSDT,15m,5000,-11.34,0.599,76,-1361.28,-0.05,0.99,14,False,"{""er_thresh"": 0.3, ""atr_mult"": 3.5, ""don_len"": 15, ""chand_len"": 18}"
2026-06-21 09:19,ETCUSDT,15m,5000,-10.74,0.613,75,-1302.94,0.64,1.153,14,False,"{""er_thresh"": 0.3, ""atr_mult"": 3.5, ""don_len"": 15, ""chand_len"": 18}"
2026-06-21 12:45,ETCUSDT,15m,5000,-10.74,0.613,75,-1302.94,0.63,1.15,14,False,"{""er_thresh"": 0.3, ""atr_mult"": 3.5, ""don_len"": 15, ""chand_len"": 18}"
2026-06-21 16:36,ETCUSDT,15m,5000,-11.77,0.589,77,-1403.35,0.83,1.205,13,False,"{""er_thresh"": 0.3, ""atr_mult"": 3.5, ""don_len"": 15, ""chand_len"": 18}"
2026-06-21 20:35,ETCUSDT,15m,5000,-11.38,0.598,76,-1365.53,0.94,1.232,13,False,"{""er_thresh"": 0.3, ""atr_mult"": 3.5, ""don_len"": 15, ""chand_len"": 18}"
2026-06-22 00:58,ETCUSDT,15m,5000,-10.74,0.613,75,-1302.96,0.93,1.231,13,False,"{""er_thresh"": 0.3, ""atr_mult"": 3.5, ""don_len"": 15, ""chand_len"": 18}"
2026-06-22 05:54,ETCUSDT,15m,5000,-11.51,0.595,76,-1377.81,1.37,1.336,13,False,"{""er_thresh"": 0.3, ""atr_mult"": 3.5, ""don_len"": 15, ""chand_len"": 18}"
2026-06-22 10:06,ETCUSDT,15m,5000,-10.49,0.62,75,-1278.15,1.53,1.375,13,False,"{""er_thresh"": 0.3, ""atr_mult"": 3.5, ""don_len"": 15, ""chand_len"": 18}"
2026-06-22 13:57,ETCUSDT,15m,5000,-10.48,0.62,75,-1277.6,0.82,1.203,13,False,"{""er_thresh"": 0.3, ""atr_mult"": 3.5, ""don_len"": 15, ""chand_len"": 18}"
2026-06-22 17:34,ETCUSDT,15m,5000,-11.32,0.602,76,-1273.59,-1.48,0.736,14,False,"{""er_thresh"": 0.3, ""atr_mult"": 3.5, ""don_len"": 15, ""chand_len"": 18}"
2026-06-22 21:04,ETCUSDT,15m,5000,-10.89,0.613,75,-1228.87,-1.75,0.704,14,False,"{""er_thresh"": 0.3, ""atr_mult"": 3.5, ""don_len"": 15, ""chand_len"": 18}"
2026-06-23 00:50,ETCUSDT,15m,5000,-11.17,0.606,76,-1255.81,-1.6,0.723,14,False,"{""er_thresh"": 0.3, ""atr_mult"": 3.5, ""don_len"": 15, ""chand_len"": 18}"
2026-06-23 05:25,ETCUSDT,15m,5000,-11.14,0.607,76,-1252.84,-1.74,0.705,14,False,"{""er_thresh"": 0.3, ""atr_mult"": 3.5, ""don_len"": 15, ""chand_len"": 18}"
2026-06-23 09:13,ETCUSDT,15m,5000,-10.89,0.613,75,-1228.49,-0.41,0.916,13,False,"{""er_thresh"": 0.3, ""atr_mult"": 3.5, ""don_len"": 15, ""chand_len"": 18}"
2026-06-23 13:03,ETCUSDT,15m,5000,-9.46,0.663,76,-1228.78,1.27,1.284,14,False,"{""er_thresh"": 0.3, ""atr_mult"": 3.5, ""don_len"": 15, ""chand_len"": 18}"
2026-06-23 16:52,ETCUSDT,15m,5000,-9.87,0.652,76,-1268.76,1.19,1.263,14,False,"{""er_thresh"": 0.3, ""atr_mult"": 3.5, ""don_len"": 15, ""chand_len"": 18}"
2026-06-23 20:47,ETCUSDT,15m,5000,-9.22,0.67,75,-1208.05,0.63,1.13,14,False,"{""er_thresh"": 0.3, ""atr_mult"": 3.5, ""don_len"": 15, ""chand_len"": 18}"
2026-06-24 00:47,ETCUSDT,15m,5000,-8.82,0.68,74,-1213.39,2.85,1.705,13,False,"{""er_thresh"": 0.3, ""atr_mult"": 3.5, ""don_len"": 15, ""chand_len"": 18}"
2026-06-24 05:24,ETCUSDT,15m,5000,-8.82,0.68,74,-1213.4,1.36,1.279,14,False,"{""er_thresh"": 0.3, ""atr_mult"": 3.5, ""don_len"": 15, ""chand_len"": 18}"
2026-06-24 09:11,ETCUSDT,15m,5000,-8.45,0.693,75,-1213.4,2.09,1.482,15,True,"{""er_thresh"": 0.3, ""atr_mult"": 3.5, ""don_len"": 15, ""chand_len"": 18}"
2026-06-24 12:50,ETCUSDT,15m,5000,-9.33,0.671,76,-1213.41,1.13,1.225,14,False,"{""er_thresh"": 0.3, ""atr_mult"": 3.5, ""don_len"": 15, ""chand_len"": 18}"
2026-06-24 16:48,ETCUSDT,15m,5000,-9.35,0.671,76,-1213.39,1.11,1.225,14,False,"{""er_thresh"": 0.3, ""atr_mult"": 3.5, ""don_len"": 15, ""chand_len"": 18}"
2026-06-24 20:38,ETCUSDT,15m,5000,-8.52,0.7,77,-1213.42,2.04,1.406,15,True,"{""er_thresh"": 0.3, ""atr_mult"": 3.5, ""don_len"": 15, ""chand_len"": 18}"
2026-06-25 00:52,ETCUSDT,15m,5000,-7.89,0.718,76,-1221.92,2.02,1.406,15,True,"{""er_thresh"": 0.3, ""atr_mult"": 3.5, ""don_len"": 15, ""chand_len"": 18}"
2026-06-25 05:24,ETCUSDT,15m,5000,-7.89,0.718,76,-1221.91,2.02,1.406,15,True,"{""er_thresh"": 0.3, ""atr_mult"": 3.5, ""don_len"": 15, ""chand_len"": 18}"
2026-06-25 09:11,ETCUSDT,15m,5000,-7.9,0.718,76,-1221.88,2.02,1.406,15,True,"{""er_thresh"": 0.3, ""atr_mult"": 3.5, ""don_len"": 15, ""chand_len"": 18}"
2026-06-25 12:52,ETCUSDT,15m,5000,-6.33,0.767,76,-1234.21,2.72,1.542,16,True,"{""er_thresh"": 0.3, ""atr_mult"": 3.5, ""don_len"": 15, ""chand_len"": 18}"
2026-06-25 16:49,ETCUSDT,15m,5000,-7.38,0.739,77,-1234.21,1.56,1.253,17,True,"{""er_thresh"": 0.3, ""atr_mult"": 3.5, ""don_len"": 15, ""chand_len"": 18}"
2026-06-25 20:43,ETCUSDT,15m,5000,-7.38,0.739,77,-1234.21,1.56,1.253,17,True,"{""er_thresh"": 0.3, ""atr_mult"": 3.5, ""don_len"": 15, ""chand_len"": 18}"
2026-06-26 00:53,ETCUSDT,15m,5000,-7.38,0.739,77,-1234.21,2.59,1.498,16,True,"{""er_thresh"": 0.3, ""atr_mult"": 3.5, ""don_len"": 15, ""chand_len"": 18}"
2026-06-26 05:30,ETCUSDT,15m,5000,-8.21,0.717,78,-1234.21,1.45,1.23,17,True,"{""er_thresh"": 0.3, ""atr_mult"": 3.5, ""don_len"": 15, ""chand_len"": 18}"
2026-06-26 09:10,ETCUSDT,15m,5000,-7.66,0.733,77,-1241.65,1.68,1.274,16,True,"{""er_thresh"": 0.3, ""atr_mult"": 3.5, ""don_len"": 15, ""chand_len"": 18}"
2026-06-26 12:48,ETCUSDT,15m,5000,-7.63,0.734,77,-1241.99,1.68,1.275,16,True,"{""er_thresh"": 0.3, ""atr_mult"": 3.5, ""don_len"": 15, ""chand_len"": 18}"
2026-06-26 16:44,ETCUSDT,15m,5000,-8.96,0.689,78,-1224.11,2.05,1.355,15,True,"{""er_thresh"": 0.3, ""atr_mult"": 3.5, ""don_len"": 15, ""chand_len"": 18}"
2026-06-26 20:37,ETCUSDT,15m,5000,-8.45,0.703,77,-1231.2,1.12,1.172,16,True,"{""er_thresh"": 0.3, ""atr_mult"": 3.5, ""don_len"": 15, ""chand_len"": 18}"
2026-06-27 00:50,ETCUSDT,15m,5000,-9.45,0.668,77,-1221.1,0.85,1.123,17,True,"{""er_thresh"": 0.3, ""atr_mult"": 3.5, ""don_len"": 15, ""chand_len"": 18}"
2026-06-27 05:21,ETCUSDT,15m,5000,-9.45,0.668,77,-1221.09,1.76,1.29,16,True,"{""er_thresh"": 0.3, ""atr_mult"": 3.5, ""don_len"": 15, ""chand_len"": 18}"
2026-06-27 08:59,ETCUSDT,15m,5000,-9.45,0.668,77,-1221.09,1.76,1.29,16,True,"{""er_thresh"": 0.3, ""atr_mult"": 3.5, ""don_len"": 15, ""chand_len"": 18}"
2026-06-27 12:32,ETCUSDT,15m,5000,-8.78,0.685,76,-1230.09,1.76,1.29,16,True,"{""er_thresh"": 0.3, ""atr_mult"": 3.5, ""don_len"": 15, ""chand_len"": 18}"
2026-06-27 16:27,ETCUSDT,15m,5000,-9.72,0.661,77,-1217.39,1.76,1.29,16,True,"{""er_thresh"": 0.3, ""atr_mult"": 3.5, ""don_len"": 15, ""chand_len"": 18}"
2026-06-27 20:27,ETCUSDT,15m,5000,-9.74,0.66,77,-1217.12,1.76,1.29,16,True,"{""er_thresh"": 0.3, ""atr_mult"": 3.5, ""don_len"": 15, ""chand_len"": 18}"
2026-06-28 00:53,ETCUSDT,15m,5000,-7.95,0.709,75,-1241.6,0.98,1.15,17,True,"{""er_thresh"": 0.3, ""atr_mult"": 3.5, ""don_len"": 15, ""chand_len"": 18}"
2026-06-28 05:34,ETCUSDT,15m,5000,-8.27,0.7,76,-1241.6,0.66,1.093,18,True,"{""er_thresh"": 0.3, ""atr_mult"": 3.5, ""don_len"": 15, ""chand_len"": 18}"
2026-06-28 09:07,ETCUSDT,15m,5000,-8.27,0.7,76,-1241.6,1.38,1.214,17,True,"{""er_thresh"": 0.3, ""atr_mult"": 3.5, ""don_len"": 15, ""chand_len"": 18}"
2026-06-28 12:33,ETCUSDT,15m,5000,-8.27,0.7,76,-1241.6,1.38,1.214,17,True,"{""er_thresh"": 0.3, ""atr_mult"": 3.5, ""don_len"": 15, ""chand_len"": 18}"
2026-06-28 16:30,ETCUSDT,15m,5000,-8.27,0.7,76,-1241.59,1.38,1.214,17,True,"{""er_thresh"": 0.3, ""atr_mult"": 3.5, ""don_len"": 15, ""chand_len"": 18}"
2026-06-28 20:29,ETCUSDT,15m,5000,-7.53,0.722,76,-1251.62,1.38,1.214,17,True,"{""er_thresh"": 0.3, ""atr_mult"": 3.5, ""don_len"": 15, ""chand_len"": 18}"
2026-06-29 00:54,ETCUSDT,15m,5000,-7.5,0.723,76,-1252.07,1.38,1.214,17,True,"{""er_thresh"": 0.3, ""atr_mult"": 3.5, ""don_len"": 15, ""chand_len"": 18}"
2026-06-29 05:39,ETCUSDT,15m,5000,-8.28,0.7,76,-1241.53,1.38,1.214,17,True,"{""er_thresh"": 0.3, ""atr_mult"": 3.5, ""don_len"": 15, ""chand_len"": 18}"
2026-06-29 09:40,ETCUSDT,15m,5000,-7.6,0.719,75,-1250.75,1.38,1.187,18,True,"{""er_thresh"": 0.3, ""atr_mult"": 3.5, ""don_len"": 15, ""chand_len"": 18}"
2026-06-29 13:34,ETCUSDT,15m,5000,-8.09,0.699,74,-1244.12,1.9,1.275,18,True,"{""er_thresh"": 0.3, ""atr_mult"": 3.5, ""don_len"": 15, ""chand_len"": 18}"
2026-06-29 17:04,ETCUSDT,15m,5000,-8.09,0.699,74,-1244.12,1.36,1.183,19,True,"{""er_thresh"": 0.25, ""atr_mult"": 3.5, ""don_len"": 15, ""chand_len"": 18}"
2026-06-29 20:40,ETCUSDT,15m,5000,-9.96,0.658,81,-1235.03,2.38,1.368,17,True,"{""er_thresh"": 0.3, ""atr_mult"": 3.5, ""don_len"": 15, ""chand_len"": 18}"
2026-06-30 00:52,ETCUSDT,15m,5000,-8.41,0.694,75,-1240.18,0.06,1.012,19,True,"{""er_thresh"": 0.25, ""atr_mult"": 3.5, ""don_len"": 15, ""chand_len"": 18}"
2026-06-30 05:27,ETCUSDT,15m,5000,-8.13,0.709,79,-1260.5,-0.2,0.977,18,False,"{""er_thresh"": 0.25, ""atr_mult"": 3.5, ""don_len"": 15, ""chand_len"": 18}"
2026-06-30 09:11,ETCUSDT,15m,5000,-8.8,0.686,80,-1249.44,-0.9,0.876,19,False,"{""er_thresh"": 0.25, ""atr_mult"": 3.5, ""don_len"": 15, ""chand_len"": 18}"
2026-06-30 12:46,ETCUSDT,15m,5000,-8.41,0.697,79,-1254.82,-1.53,0.787,19,False,"{""er_thresh"": 0.25, ""atr_mult"": 3.5, ""don_len"": 15, ""chand_len"": 18}"
2026-06-30 16:47,ETCUSDT,15m,5000,-9.64,0.665,80,-1281.05,-2.56,0.689,20,False,"{""er_thresh"": 0.25, ""atr_mult"": 3.5, ""don_len"": 15, ""chand_len"": 18}"
2026-06-30 20:42,ETCUSDT,15m,5000,-9.5,0.669,79,-1283.08,-2.26,0.728,20,False,"{""er_thresh"": 0.25, ""atr_mult"": 3.5, ""don_len"": 15, ""chand_len"": 18}"
2026-07-01 00:54,ETCUSDT,15m,5000,-9.5,0.669,79,-1283.07,-4.56,0.472,20,False,"{""er_thresh"": 0.25, ""atr_mult"": 3.5, ""don_len"": 15, ""chand_len"": 18}"
2026-07-01 05:36,ETCUSDT,15m,5000,-9.79,0.665,80,-1331.23,-5.13,0.443,21,False,"{""er_thresh"": 0.25, ""atr_mult"": 3.5, ""don_len"": 15, ""chand_len"": 18}"
2026-07-01 09:13,ETCUSDT,15m,5000,-9.85,0.662,80,-1330.38,-7.39,0.256,23,False,"{""er_thresh"": 0.3, ""atr_mult"": 3.0, ""don_len"": 20, ""chand_len"": 22}"
2026-07-01 13:01,ETCUSDT,15m,5000,-10.0,0.657,80,-1328.24,-6.85,0.272,22,False,"{""er_thresh"": 0.3, ""atr_mult"": 3.0, ""don_len"": 20, ""chand_len"": 22}"
2026-07-01 16:50,ETCUSDT,15m,5000,-10.4,0.642,79,-1322.33,-5.15,0.442,21,False,"{""er_thresh"": 0.25, ""atr_mult"": 3.5, ""don_len"": 15, ""chand_len"": 18}"
2026-07-01 20:37,ETCUSDT,15m,5000,-10.4,0.642,79,-1322.33,-4.55,0.474,21,False,"{""er_thresh"": 0.25, ""atr_mult"": 3.5, ""don_len"": 15, ""chand_len"": 18}"
2026-07-02 00:51,ETCUSDT,15m,5000,-10.4,0.642,79,-1322.32,-3.88,0.516,20,False,"{""er_thresh"": 0.25, ""atr_mult"": 3.5, ""don_len"": 15, ""chand_len"": 18}"
2026-07-02 07:31,ETCUSDT,15m,5000,-10.39,0.642,79,-1322.42,-5.45,0.427,20,False,"{""er_thresh"": 0.3, ""atr_mult"": 3.5, ""don_len"": 15, ""chand_len"": 18}"
2026-07-02 10:38,ETCUSDT,15m,5000,-10.13,0.652,79,-1326.32,-5.35,0.432,20,False,"{""er_thresh"": 0.3, ""atr_mult"": 3.5, ""don_len"": 15, ""chand_len"": 18}"
2026-07-02 13:58,ETCUSDT,15m,5000,-10.19,0.651,79,-1328.8,-4.92,0.455,20,False,"{""er_thresh"": 0.3, ""atr_mult"": 3.5, ""don_len"": 15, ""chand_len"": 18}"
2026-07-02 17:46,ETCUSDT,15m,5000,-10.39,0.646,80,-1352.86,-5.14,0.443,21,False,"{""er_thresh"": 0.3, ""atr_mult"": 3.5, ""don_len"": 15, ""chand_len"": 18}"
2026-07-02 21:05,ETCUSDT,15m,5000,-10.48,0.643,80,-1351.48,-7.77,0.246,24,False,"{""er_thresh"": 0.3, ""atr_mult"": 3.0, ""don_len"": 20, ""chand_len"": 22}"
2026-07-03 02:53,ETCUSDT,15m,5000,-12.43,0.567,80,-1322.06,-6.97,0.269,23,False,"{""er_thresh"": 0.3, ""atr_mult"": 3.0, ""don_len"": 20, ""chand_len"": 22}"
2026-07-03 07:19,ETCUSDT,15m,5000,-11.96,0.579,80,-1287.45,-6.98,0.269,23,False,"{""er_thresh"": 0.3, ""atr_mult"": 3.0, ""don_len"": 20, ""chand_len"": 22}"
2026-07-03 10:34,ETCUSDT,15m,5000,-13.14,0.539,80,-1314.01,-7.1,0.266,23,False,"{""er_thresh"": 0.3, ""atr_mult"": 3.0, ""don_len"": 20, ""chand_len"": 22}"
2026-07-03 14:01,ETCUSDT,15m,5000,-12.78,0.547,79,-1278.31,-6.68,0.306,24,False,"{""er_thresh"": 0.3, ""atr_mult"": 3.0, ""don_len"": 20, ""chand_len"": 22}"
2026-07-03 17:25,ETCUSDT,15m,5000,-12.6,0.553,80,-1278.04,-6.22,0.321,23,False,"{""er_thresh"": 0.3, ""atr_mult"": 3.0, ""don_len"": 20, ""chand_len"": 22}"
2026-07-03 21:05,ETCUSDT,15m,5000,-12.61,0.553,80,-1276.82,-6.22,0.321,23,False,"{""er_thresh"": 0.3, ""atr_mult"": 3.0, ""don_len"": 20, ""chand_len"": 22}"
2026-07-04 02:49,ETCUSDT,15m,5000,-12.99,0.546,80,-1298.52,-6.25,0.321,23,False,"{""er_thresh"": 0.3, ""atr_mult"": 3.0, ""don_len"": 20, ""chand_len"": 22}"
2026-07-04 06:46,ETCUSDT,15m,5000,-13.79,0.531,81,-1379.44,-7.14,0.291,24,False,"{""er_thresh"": 0.3, ""atr_mult"": 3.0, ""don_len"": 20, ""chand_len"": 22}"
2026-07-04 10:09,ETCUSDT,15m,5000,-13.79,0.531,81,-1378.99,-4.46,0.492,20,False,"{""er_thresh"": 0.3, ""atr_mult"": 3.5, ""don_len"": 15, ""chand_len"": 18}"
2026-07-04 13:23,ETCUSDT,15m,5000,-13.6,0.535,80,-1360.33,-6.96,0.298,23,False,"{""er_thresh"": 0.3, ""atr_mult"": 3.0, ""don_len"": 20, ""chand_len"": 22}"
2026-07-04 17:04,ETCUSDT,15m,5000,-13.6,0.535,80,-1360.03,-6.94,0.3,23,False,"{""er_thresh"": 0.3, ""atr_mult"": 3.0, ""don_len"": 20, ""chand_len"": 22}"
2026-07-04 20:56,ETCUSDT,15m,5000,-13.61,0.535,80,-1360.5,-6.91,0.303,23,False,"{""er_thresh"": 0.3, ""atr_mult"": 3.0, ""don_len"": 20, ""chand_len"": 22}"
2026-07-05 03:19,ETCUSDT,15m,5000,-12.75,0.554,79,-1364.4,-7.57,0.221,21,False,"{""er_thresh"": 0.3, ""atr_mult"": 3.0, ""don_len"": 20, ""chand_len"": 22}"
2026-07-05 07:25,ETCUSDT,15m,5000,-12.71,0.555,79,-1365.03,-7.02,0.235,20,False,"{""er_thresh"": 0.3, ""atr_mult"": 3.0, ""don_len"": 20, ""chand_len"": 22}"
2026-07-05 10:12,ETCUSDT,15m,5000,-12.38,0.562,79,-1370.24,-7.02,0.235,20,False,"{""er_thresh"": 0.3, ""atr_mult"": 3.0, ""don_len"": 20, ""chand_len"": 22}"
2026-07-05 13:37,ETCUSDT,15m,5000,-12.36,0.561,79,-1363.89,-6.24,0.318,21,False,"{""er_thresh"": 0.3, ""atr_mult"": 3.0, ""don_len"": 20, ""chand_len"": 22}"
2026-07-05 17:09,ETCUSDT,15m,5000,-11.77,0.574,78,-1373.02,-6.24,0.318,21,False,"{""er_thresh"": 0.3, ""atr_mult"": 3.0, ""don_len"": 20, ""chand_len"": 22}"
2026-07-05 20:59,ETCUSDT,15m,5000,-11.78,0.574,78,-1372.97,-6.24,0.318,21,False,"{""er_thresh"": 0.3, ""atr_mult"": 3.0, ""don_len"": 20, ""chand_len"": 22}"
2026-07-06 03:26,ETCUSDT,15m,5000,-11.27,0.589,78,-1375.83,-4.71,0.474,19,False,"{""er_thresh"": 0.3, ""atr_mult"": 3.5, ""don_len"": 15, ""chand_len"": 18}"
2026-07-06 08:19,ETCUSDT,15m,5000,-11.28,0.59,78,-1375.99,-3.93,0.524,18,False,"{""er_thresh"": 0.3, ""atr_mult"": 3.5, ""don_len"": 15, ""chand_len"": 18}"
2026-07-06 15:30,ETCUSDT,15m,5000,-11.83,0.576,77,-1376.17,-6.72,0.303,22,False,"{""er_thresh"": 0.3, ""atr_mult"": 3.0, ""don_len"": 20, ""chand_len"": 22}"
2026-07-06 18:10,ETCUSDT,15m,5000,-11.8,0.577,77,-1376.56,-6.72,0.303,22,False,"{""er_thresh"": 0.3, ""atr_mult"": 3.0, ""don_len"": 20, ""chand_len"": 22}"
2026-07-06 21:28,ETCUSDT,15m,5000,-11.46,0.591,77,-1381.88,-6.72,0.303,22,False,"{""er_thresh"": 0.3, ""atr_mult"": 3.0, ""don_len"": 20, ""chand_len"": 22}"
2026-07-07 03:17,ETCUSDT,15m,5000,-13.02,0.528,77,-1357.52,-6.72,0.303,22,False,"{""er_thresh"": 0.3, ""atr_mult"": 3.0, ""don_len"": 20, ""chand_len"": 22}"
2026-07-07 07:37,ETCUSDT,15m,5000,-13.11,0.524,76,-1356.51,-6.75,0.303,22,False,"{""er_thresh"": 0.3, ""atr_mult"": 3.0, ""don_len"": 20, ""chand_len"": 22}"
2026-07-07 10:54,ETCUSDT,15m,5000,-13.01,0.528,76,-1358.33,-6.75,0.303,22,False,"{""er_thresh"": 0.3, ""atr_mult"": 3.0, ""don_len"": 20, ""chand_len"": 22}"
2026-07-07 14:31,ETCUSDT,15m,5000,-13.36,0.513,75,-1350.82,-6.75,0.303,22,False,"{""er_thresh"": 0.3, ""atr_mult"": 3.0, ""don_len"": 20, ""chand_len"": 22}"
2026-07-07 17:58,ETCUSDT,15m,5000,-13.65,0.507,76,-1364.87,-6.89,0.298,23,False,"{""er_thresh"": 0.3, ""atr_mult"": 3.0, ""don_len"": 20, ""chand_len"": 22}"
2026-07-07 21:23,ETCUSDT,15m,5000,-14.04,0.499,76,-1404.23,-6.59,0.324,23,False,"{""er_thresh"": 0.3, ""atr_mult"": 3.0, ""don_len"": 20, ""chand_len"": 22}"
2026-07-08 02:35,ETCUSDT,15m,5000,-13.43,0.512,75,-1343.42,-5.66,0.361,22,False,"{""er_thresh"": 0.3, ""atr_mult"": 3.0, ""don_len"": 20, ""chand_len"": 22}"
2026-07-08 06:27,ETCUSDT,15m,5000,-13.01,0.521,74,-1300.68,-5.97,0.331,22,False,"{""er_thresh"": 0.3, ""atr_mult"": 3.0, ""don_len"": 20, ""chand_len"": 22}"
2026-07-08 10:17,ETCUSDT,15m,5000,-13.01,0.521,74,-1300.77,-5.87,0.335,21,False,"{""er_thresh"": 0.3, ""atr_mult"": 3.0, ""don_len"": 20, ""chand_len"": 22}"
2026-07-08 14:03,ETCUSDT,15m,5000,-13.03,0.521,74,-1302.56,-5.87,0.335,21,False,"{""er_thresh"": 0.3, ""atr_mult"": 3.0, ""don_len"": 20, ""chand_len"": 22}"
2026-07-08 17:28,ETCUSDT,15m,5000,-12.99,0.521,74,-1299.3,-6.57,0.309,21,False,"{""er_thresh"": 0.3, ""atr_mult"": 3.0, ""don_len"": 20, ""chand_len"": 22}"
2026-07-08 21:07,ETCUSDT,15m,5000,-12.8,0.526,73,-1279.72,-5.81,0.336,20,False,"{""er_thresh"": 0.3, ""atr_mult"": 3.0, ""don_len"": 20, ""chand_len"": 22}"
2026-07-09 02:54,ETCUSDT,15m,5000,-12.8,0.526,73,-1279.51,-5.79,0.339,20,False,"{""er_thresh"": 0.3, ""atr_mult"": 3.0, ""don_len"": 20, ""chand_len"": 22}"
2026-07-09 07:41,ETCUSDT,15m,5000,-12.47,0.533,72,-1246.68,-5.71,0.308,20,False,"{""er_thresh"": 0.3, ""atr_mult"": 3.0, ""don_len"": 20, ""chand_len"": 22}"
2026-07-09 10:53,ETCUSDT,15m,5000,-12.47,0.533,72,-1246.68,-5.93,0.3,19,False,"{""er_thresh"": 0.3, ""atr_mult"": 3.0, ""don_len"": 20, ""chand_len"": 22}"
2026-07-09 14:56,ETCUSDT,15m,5000,-12.47,0.533,72,-1246.55,-5.98,0.297,20,False,"{""er_thresh"": 0.3, ""atr_mult"": 3.0, ""don_len"": 20, ""chand_len"": 22}"
2026-07-09 17:55,ETCUSDT,15m,5000,-13.06,0.52,72,-1306.34,-5.66,0.311,20,False,"{""er_thresh"": 0.3, ""atr_mult"": 3.0, ""don_len"": 20, ""chand_len"": 22}"
2026-07-09 21:22,ETCUSDT,15m,5000,-12.37,0.535,71,-1237.38,-5.32,0.327,19,False,"{""er_thresh"": 0.3, ""atr_mult"": 3.0, ""don_len"": 20, ""chand_len"": 22}"
2026-07-10 02:56,ETCUSDT,15m,5000,-12.38,0.535,71,-1238.49,-5.74,0.262,16,False,"{""er_thresh"": 0.3, ""atr_mult"": 3.0, ""don_len"": 20, ""chand_len"": 22}"
2026-07-10 07:34,ETCUSDT,15m,5000,-12.45,0.534,71,-1244.67,-5.66,0.272,16,False,"{""er_thresh"": 0.3, ""atr_mult"": 3.0, ""don_len"": 20, ""chand_len"": 22}"
2026-07-10 10:52,ETCUSDT,15m,5000,-11.59,0.555,70,-1210.11,-6.29,0.108,14,False,"{""er_thresh"": 0.3, ""atr_mult"": 3.5, ""don_len"": 15, ""chand_len"": 18}"
2026-07-10 14:24,ETCUSDT,15m,5000,-12.86,0.517,70,-1285.7,-6.29,0.108,14,False,"{""er_thresh"": 0.3, ""atr_mult"": 3.5, ""don_len"": 15, ""chand_len"": 18}"
2026-07-10 17:47,ETCUSDT,15m,5000,-11.95,0.537,69,-1194.92,-6.33,0.107,15,False,"{""er_thresh"": 0.3, ""atr_mult"": 3.5, ""don_len"": 15, ""chand_len"": 18}"
2026-07-10 21:05,ETCUSDT,15m,5000,-11.81,0.546,69,-1180.57,-6.29,0.191,16,False,"{""er_thresh"": 0.3, ""atr_mult"": 3.0, ""don_len"": 20, ""chand_len"": 22}"
2026-07-11 02:33,ETCUSDT,15m,5000,-11.49,0.548,68,-1149.32,-5.22,0.128,13,False,"{""er_thresh"": 0.3, ""atr_mult"": 3.5, ""don_len"": 15, ""chand_len"": 18}"
2026-07-11 06:12,ETCUSDT,15m,5000,-11.43,0.55,67,-1142.64,-4.73,0.141,13,False,"{""er_thresh"": 0.3, ""atr_mult"": 3.5, ""don_len"": 15, ""chand_len"": 18}"
2026-07-11 09:28,ETCUSDT,15m,5000,-11.43,0.55,67,-1142.64,-4.73,0.141,13,False,"{""er_thresh"": 0.3, ""atr_mult"": 3.5, ""don_len"": 15, ""chand_len"": 18}"
2026-07-11 13:16,ETCUSDT,15m,5000,-11.46,0.55,67,-1146.18,-4.41,0.151,12,False,"{""er_thresh"": 0.3, ""atr_mult"": 3.5, ""don_len"": 15, ""chand_len"": 18}"
2026-07-11 16:57,ETCUSDT,15m,5000,-12.8,0.519,69,-1279.9,-5.51,0.129,14,False,"{""er_thresh"": 0.3, ""atr_mult"": 3.5, ""don_len"": 15, ""chand_len"": 18}"
2026-07-11 20:45,ETCUSDT,15m,5000,-12.5,0.526,69,-1249.83,-5.5,0.13,14,False,"{""er_thresh"": 0.3, ""atr_mult"": 3.5, ""don_len"": 15, ""chand_len"": 18}"
2026-07-12 02:39,ETCUSDT,15m,5000,-11.31,0.571,70,-1252.99,-3.32,0.392,14,False,"{""er_thresh"": 0.3, ""atr_mult"": 3.5, ""don_len"": 15, ""chand_len"": 18}"
2026-07-12 06:32,ETCUSDT,15m,5000,-10.49,0.592,69,-1198.54,-3.38,0.38,13,False,"{""er_thresh"": 0.3, ""atr_mult"": 3.5, ""don_len"": 15, ""chand_len"": 18}"
2026-07-12 09:50,ETCUSDT,15m,5000,-11.03,0.579,69,-1223.65,-3.38,0.38,13,False,"{""er_thresh"": 0.3, ""atr_mult"": 3.5, ""don_len"": 15, ""chand_len"": 18}"
2026-07-12 13:17,ETCUSDT,15m,5000,-10.59,0.592,69,-1204.03,-3.42,0.38,13,False,"{""er_thresh"": 0.3, ""atr_mult"": 3.5, ""don_len"": 15, ""chand_len"": 18}"
2026-07-12 16:57,ETCUSDT,15m,5000,-9.02,0.637,69,-1223.85,-3.59,0.366,14,False,"{""er_thresh"": 0.3, ""atr_mult"": 3.5, ""don_len"": 15, ""chand_len"": 18}"
2026-07-12 20:45,ETCUSDT,15m,5000,-8.9,0.642,69,-1225.42,-2.63,0.508,14,False,"{""er_thresh"": 0.3, ""atr_mult"": 3.5, ""don_len"": 15, ""chand_len"": 18}"
2026-07-13 02:41,ETCUSDT,15m,5000,-9.21,0.628,68,-1221.27,-4.91,0.294,15,False,"{""er_thresh"": 0.3, ""atr_mult"": 3.5, ""don_len"": 15, ""chand_len"": 18}"
2026-07-13 06:52,ETCUSDT,15m,5000,-9.21,0.628,68,-1221.27,-3.59,0.366,14,False,"{""er_thresh"": 0.3, ""atr_mult"": 3.5, ""don_len"": 15, ""chand_len"": 18}"
2026-07-13 11:09,ETCUSDT,15m,5000,-9.35,0.623,67,-1219.63,-3.25,0.392,13,False,"{""er_thresh"": 0.3, ""atr_mult"": 3.5, ""don_len"": 15, ""chand_len"": 18}"
2026-07-13 14:32,ETCUSDT,15m,5000,-9.87,0.609,68,-1218.79,-3.73,0.358,14,False,"{""er_thresh"": 0.3, ""atr_mult"": 3.5, ""don_len"": 15, ""chand_len"": 18}"
2026-07-13 17:54,ETCUSDT,15m,5000,-11.33,0.553,68,-1199.01,-3.73,0.358,14,False,"{""er_thresh"": 0.3, ""atr_mult"": 3.5, ""don_len"": 20, ""chand_len"": 22}"
2026-07-13 20:56,ETCUSDT,15m,5000,-10.83,0.566,67,-1205.71,-3.73,0.358,14,False,"{""er_thresh"": 0.3, ""atr_mult"": 3.5, ""don_len"": 15, ""chand_len"": 18}"
2026-07-14 02:25,ETCUSDT,15m,5000,-10.85,0.565,67,-1205.53,-3.73,0.358,14,False,"{""er_thresh"": 0.3, ""atr_mult"": 3.5, ""don_len"": 15, ""chand_len"": 18}"
2026-07-14 06:10,ETCUSDT,15m,5000,-10.54,0.573,66,-1209.61,-3.73,0.358,14,False,"{""er_thresh"": 0.3, ""atr_mult"": 3.5, ""don_len"": 15, ""chand_len"": 18}"
2026-07-14 09:57,ETCUSDT,15m,5000,-10.75,0.564,66,-1207.07,-3.73,0.358,14,False,"{""er_thresh"": 0.3, ""atr_mult"": 3.5, ""don_len"": 15, ""chand_len"": 18}"
2026-07-14 13:41,ETCUSDT,15m,5000,-11.64,0.524,66,-1195.11,-3.76,0.358,14,False,"{""er_thresh"": 0.3, ""atr_mult"": 3.5, ""don_len"": 15, ""chand_len"": 18}"
2026-07-14 17:13,ETCUSDT,15m,5000,-11.66,0.523,65,-1197.28,-3.76,0.358,14,False,"{""er_thresh"": 0.3, ""atr_mult"": 3.5, ""don_len"": 15, ""chand_len"": 18}"
2026-07-14 20:59,ETCUSDT,15m,5000,-11.24,0.534,64,-1179.18,-3.76,0.358,14,False,"{""er_thresh"": 0.3, ""atr_mult"": 3.5, ""don_len"": 15, ""chand_len"": 18}"
2026-07-15 02:22,ETCUSDT,15m,5000,-12.11,0.513,65,-1241.93,-3.02,0.412,14,False,"{""er_thresh"": 0.3, ""atr_mult"": 3.5, ""don_len"": 15, ""chand_len"": 18}"
2026-07-15 06:13,ETCUSDT,15m,5000,-12.08,0.515,66,-1243.57,-3.64,0.362,15,False,"{""er_thresh"": 0.3, ""atr_mult"": 3.5, ""don_len"": 30, ""chand_len"": 26}"
2026-07-15 10:01,ETCUSDT,15m,5000,-11.82,0.522,66,-1204.66,-3.83,0.362,16,False,"{""er_thresh"": 0.3, ""atr_mult"": 3.5, ""don_len"": 15, ""chand_len"": 18}"
2026-07-15 13:41,ETCUSDT,15m,5000,-11.82,0.523,66,-1207.11,-3.99,0.339,15,False,"{""er_thresh"": 0.3, ""atr_mult"": 3.5, ""don_len"": 15, ""chand_len"": 18}"
2026-07-15 17:16,ETCUSDT,15m,5000,-12.68,0.498,67,-1267.7,-5.5,0.27,16,False,"{""er_thresh"": 0.3, ""atr_mult"": 3.5, ""don_len"": 30, ""chand_len"": 26}"
2026-07-15 20:59,ETCUSDT,15m,5000,-12.44,0.504,66,-1243.84,-4.33,0.338,16,False,"{""er_thresh"": 0.3, ""atr_mult"": 3.5, ""don_len"": 30, ""chand_len"": 26}"
2026-07-16 02:30,ETCUSDT,15m,5000,-12.42,0.504,66,-1242.23,-3.69,0.405,16,False,"{""er_thresh"": 0.3, ""atr_mult"": 3.5, ""don_len"": 15, ""chand_len"": 26}"
2026-07-16 06:17,ETCUSDT,15m,5000,-12.44,0.504,66,-1244.25,-4.47,0.315,15,False,"{""er_thresh"": 0.3, ""atr_mult"": 3.5, ""don_len"": 30, ""chand_len"": 26}"
2026-07-16 10:08,ETCUSDT,15m,5000,-11.84,0.518,65,-1184.09,-3.99,0.341,14,False,"{""er_thresh"": 0.3, ""atr_mult"": 3.5, ""don_len"": 30, ""chand_len"": 26}"
2026-07-16 13:48,ETCUSDT,15m,5000,-11.08,0.537,64,-1167.66,-3.63,0.362,14,False,"{""er_thresh"": 0.3, ""atr_mult"": 3.5, ""don_len"": 15, ""chand_len"": 26}"
2026-07-16 17:14,ETCUSDT,15m,5000,-11.14,0.535,64,-1169.57,-4.0,0.339,15,False,"{""er_thresh"": 0.3, ""atr_mult"": 3.5, ""don_len"": 15, ""chand_len"": 26}"
2026-07-16 20:56,ETCUSDT,15m,5000,-11.9,0.505,64,-1189.88,-4.19,0.33,15,False,"{""er_thresh"": 0.3, ""atr_mult"": 3.5, ""don_len"": 30, ""chand_len"": 26}"
2026-07-17 02:33,ETCUSDT,15m,5000,-12.26,0.498,64,-1226.23,-3.63,0.362,14,False,"{""er_thresh"": 0.3, ""atr_mult"": 3.5, ""don_len"": 15, ""chand_len"": 26}"
2026-07-17 06:14,ETCUSDT,15m,5000,-12.29,0.498,64,-1228.88,-3.66,0.362,14,False,"{""er_thresh"": 0.3, ""atr_mult"": 3.5, ""don_len"": 15, ""chand_len"": 26}"
2026-07-17 09:56,ETCUSDT,15m,5000,-13.01,0.483,65,-1301.44,-4.46,0.316,15,False,"{""er_thresh"": 0.3, ""atr_mult"": 3.5, ""don_len"": 15, ""chand_len"": 26}"
2026-07-17 13:25,ETCUSDT,15m,5000,-13.02,0.483,65,-1301.62,-4.81,0.3,15,False,"{""er_thresh"": 0.3, ""atr_mult"": 3.5, ""don_len"": 30, ""chand_len"": 26}"
2026-07-17 17:10,ETCUSDT,15m,5000,-12.77,0.489,64,-1276.87,-4.48,0.317,15,False,"{""er_thresh"": 0.3, ""atr_mult"": 3.5, ""don_len"": 15, ""chand_len"": 26}"
2026-07-17 20:53,ETCUSDT,15m,5000,-13.45,0.475,65,-1345.05,-5.84,0.26,17,False,"{""er_thresh"": 0.3, ""atr_mult"": 3.5, ""don_len"": 15, ""chand_len"": 26}"
2026-07-18 02:24,ETCUSDT,15m,5000,-13.45,0.475,65,-1344.96,-5.57,0.27,16,False,"{""er_thresh"": 0.3, ""atr_mult"": 3.5, ""don_len"": 15, ""chand_len"": 26}"
2026-07-18 06:04,ETCUSDT,15m,5000,-13.44,0.476,65,-1344.04,-5.61,0.268,16,False,"{""er_thresh"": 0.3, ""atr_mult"": 3.5, ""don_len"": 15, ""chand_len"": 26}"
2026-07-18 09:24,ETCUSDT,15m,5000,-12.98,0.486,64,-1301.63,-4.95,0.295,15,False,"{""er_thresh"": 0.3, ""atr_mult"": 3.5, ""don_len"": 15, ""chand_len"": 26}"
2026-07-18 13:12,ETCUSDT,15m,5000,-12.18,0.504,63,-1313.63,-4.95,0.295,15,False,"{""er_thresh"": 0.3, ""atr_mult"": 3.5, ""don_len"": 15, ""chand_len"": 26}"
2026-07-18 16:57,ETCUSDT,15m,5000,-11.36,0.541,63,-1325.95,-4.95,0.296,15,False,"{""er_thresh"": 0.3, ""atr_mult"": 3.5, ""don_len"": 15, ""chand_len"": 26}"
2026-07-18 20:45,ETCUSDT,15m,5000,-12.15,0.505,63,-1314.17,-5.96,0.239,15,False,"{""er_thresh"": 0.3, ""atr_mult"": 3.5, ""don_len"": 15, ""chand_len"": 26}"
2026-07-19 02:36,ETCUSDT,15m,5000,-13.01,0.465,62,-1301.18,-5.12,0.269,14,False,"{""er_thresh"": 0.3, ""atr_mult"": 3.5, ""don_len"": 15, ""chand_len"": 26}"
2026-07-19 06:29,ETCUSDT,15m,5000,-13.13,0.462,62,-1312.71,-5.12,0.269,14,False,"{""er_thresh"": 0.3, ""atr_mult"": 3.5, ""don_len"": 15, ""chand_len"": 26}"
2026-07-19 09:52,ETCUSDT,15m,5000,-12.91,0.467,62,-1291.49,-5.13,0.269,14,False,"{""er_thresh"": 0.3, ""atr_mult"": 3.5, ""don_len"": 15, ""chand_len"": 26}"
2026-07-19 13:15,ETCUSDT,15m,5000,-12.92,0.467,62,-1291.52,-4.22,0.311,14,False,"{""er_thresh"": 0.3, ""atr_mult"": 3.5, ""don_len"": 15, ""chand_len"": 26}"
2026-07-19 16:57,ETCUSDT,15m,5000,-12.76,0.47,61,-1275.9,-4.23,0.311,14,False,"{""er_thresh"": 0.3, ""atr_mult"": 3.5, ""don_len"": 15, ""chand_len"": 26}"
2026-07-19 20:45,ETCUSDT,15m,5000,-13.29,0.46,62,-1329.33,-4.79,0.285,14,False,"{""er_thresh"": 0.3, ""atr_mult"": 3.5, ""don_len"": 15, ""chand_len"": 26}"
2026-07-20 02:51,ETCUSDT,15m,5000,-13.68,0.454,62,-1368.48,-5.03,0.335,15,False,"{""er_thresh"": 0.3, ""atr_mult"": 3.5, ""don_len"": 15, ""chand_len"": 26}"
2026-07-20 06:44,ETCUSDT,15m,5000,-13.69,0.454,62,-1368.63,-4.96,0.345,15,False,"{""er_thresh"": 0.3, ""atr_mult"": 3.5, ""don_len"": 15, ""chand_len"": 26}"
2026-07-20 10:51,ETCUSDT,15m,5000,-13.25,0.463,61,-1325.27,-5.62,0.253,15,False,"{""er_thresh"": 0.3, ""atr_mult"": 3.5, ""don_len"": 15, ""chand_len"": 26}"
2026-07-20 14:03,ETCUSDT,15m,5000,-13.25,0.463,61,-1325.27,-6.62,0.174,15,False,"{""er_thresh"": 0.3, ""atr_mult"": 3.5, ""don_len"": 15, ""chand_len"": 26}"
2026-07-20 18:01,ETCUSDT,15m,5000,-13.25,0.463,61,-1325.27,-6.08,0.187,14,False,"{""er_thresh"": 0.3, ""atr_mult"": 3.5, ""don_len"": 15, ""chand_len"": 26}"
2026-07-20 21:11,ETCUSDT,15m,5000,-13.27,0.463,61,-1327.25,-6.11,0.187,14,False,"{""er_thresh"": 0.3, ""atr_mult"": 3.5, ""don_len"": 15, ""chand_len"": 26}"
2026-07-21 02:34,ETCUSDT,15m,5000,-13.69,0.455,62,-1369.33,-6.56,0.176,15,False,"{""er_thresh"": 0.3, ""atr_mult"": 3.5, ""don_len"": 15, ""chand_len"": 26}"
2026-07-21 06:27,ETCUSDT,15m,5000,-13.69,0.455,62,-1369.33,-6.56,0.176,15,False,"{""er_thresh"": 0.3, ""atr_mult"": 3.5, ""don_len"": 15, ""chand_len"": 26}"
2026-07-21 10:24,ETCUSDT,15m,5000,-13.72,0.455,62,-1372.13,-5.86,0.195,14,False,"{""er_thresh"": 0.3, ""atr_mult"": 3.5, ""don_len"": 15, ""chand_len"": 26}"
2026-07-21 13:47,ETCUSDT,15m,5000,-13.72,0.455,62,-1372.12,-5.79,0.197,14,False,"{""er_thresh"": 0.3, ""atr_mult"": 3.5, ""don_len"": 15, ""chand_len"": 26}"
2026-07-21 17:18,ETCUSDT,15m,5000,-13.9,0.452,63,-1390.16,-5.43,0.209,14,False,"{""er_thresh"": 0.3, ""atr_mult"": 3.5, ""don_len"": 15, ""chand_len"": 26}"
2026-07-21 21:08,ETCUSDT,15m,5000,-14.13,0.447,64,-1413.4,-5.69,0.2,15,False,"{""er_thresh"": 0.3, ""atr_mult"": 3.5, ""don_len"": 15, ""chand_len"": 26}"
2026-07-22 02:33,ETCUSDT,15m,5000,-14.13,0.447,64,-1413.37,-5.39,0.21,15,False,"{""er_thresh"": 0.3, ""atr_mult"": 3.5, ""don_len"": 15, ""chand_len"": 26}"
2026-07-22 06:27,ETCUSDT,15m,5000,-14.16,0.447,64,-1416.44,-4.99,0.278,15,False,"{""er_thresh"": 0.3, ""atr_mult"": 3.5, ""don_len"": 15, ""chand_len"": 26}"
2026-07-22 10:24,ETCUSDT,15m,5000,-14.63,0.439,66,-1463.45,-5.44,0.264,16,False,"{""er_thresh"": 0.3, ""atr_mult"": 3.5, ""don_len"": 15, ""chand_len"": 26}"
2026-07-22 13:50,ETCUSDT,15m,5000,-14.59,0.439,65,-1458.72,-6.23,0.186,16,False,"{""er_thresh"": 0.3, ""atr_mult"": 3.5, ""don_len"": 15, ""chand_len"": 26}"
2026-07-22 17:17,ETCUSDT,15m,5000,-14.63,0.439,65,-1462.83,-5.96,0.194,15,False,"{""er_thresh"": 0.3, ""atr_mult"": 3.5, ""don_len"": 15, ""chand_len"": 26}"
2026-07-22 21:06,ETCUSDT,15m,5000,-15.31,0.428,65,-1530.93,-6.74,0.175,16,False,"{""er_thresh"": 0.3, ""atr_mult"": 3.5, ""don_len"": 15, ""chand_len"": 26}"
2026-07-23 02:38,ETCUSDT,15m,5000,-15.85,0.419,66,-1584.63,-7.32,0.163,17,False,"{""er_thresh"": 0.3, ""atr_mult"": 3.5, ""don_len"": 15, ""chand_len"": 26}"
2026-07-23 06:29,ETCUSDT,15m,5000,-15.51,0.425,65,-1551.07,-7.32,0.163,17,False,"{""er_thresh"": 0.3, ""atr_mult"": 3.5, ""don_len"": 15, ""chand_len"": 26}"
2026-07-23 10:21,ETCUSDT,15m,5000,-15.49,0.426,65,-1548.89,-7.32,0.163,17,False,"{""er_thresh"": 0.3, ""atr_mult"": 3.5, ""don_len"": 15, ""chand_len"": 26}"
2026-07-23 13:55,ETCUSDT,15m,5000,-15.18,0.433,65,-1517.63,-7.84,0.154,18,False,"{""er_thresh"": 0.3, ""atr_mult"": 3.5, ""don_len"": 15, ""chand_len"": 26}"
2026-07-23 17:22,ETCUSDT,15m,5000,-15.2,0.433,65,-1520.1,-7.87,0.154,18,False,"{""er_thresh"": 0.3, ""atr_mult"": 3.5, ""don_len"": 15, ""chand_len"": 26}"
2026-07-23 21:03,ETCUSDT,15m,5000,-15.2,0.433,65,-1520.11,-8.53,0.143,19,False,"{""er_thresh"": 0.3, ""atr_mult"": 3.5, ""don_len"": 15, ""chand_len"": 26}"
2026-07-24 02:34,ETCUSDT,15m,5000,-15.55,0.427,66,-1554.85,-8.25,0.148,19,False,"{""er_thresh"": 0.3, ""atr_mult"": 3.5, ""don_len"": 15, ""chand_len"": 26}"
2026-07-24 06:25,ETCUSDT,15m,5000,-15.82,0.423,67,-1582.04,-8.55,0.143,20,False,"{""er_thresh"": 0.3, ""atr_mult"": 3.5, ""don_len"": 15, ""chand_len"": 26}"
2026-07-24 10:15,ETCUSDT,15m,5000,-15.82,0.423,67,-1581.73,-8.55,0.143,20,False,"{""er_thresh"": 0.3, ""atr_mult"": 3.5, ""don_len"": 15, ""chand_len"": 26}"
2026-07-24 13:42,ETCUSDT,15m,5000,-15.42,0.431,66,-1541.64,-8.57,0.143,20,False,"{""er_thresh"": 0.3, ""atr_mult"": 3.5, ""don_len"": 15, ""chand_len"": 26}"
2026-07-24 17:37,ETCUSDT,15m,5000,-15.42,0.431,66,-1542.0,-8.57,0.143,20,False,"{""er_thresh"": 0.3, ""atr_mult"": 3.5, ""don_len"": 15, ""chand_len"": 26}"
2026-07-24 21:02,ETCUSDT,15m,5000,-14.99,0.439,65,-1498.96,-8.57,0.143,20,False,"{""er_thresh"": 0.3, ""atr_mult"": 3.5, ""don_len"": 15, ""chand_len"": 26}"
2026-07-25 02:33,ETCUSDT,15m,5000,-13.45,0.492,66,-1500.1,-7.82,0.268,23,False,"{""er_thresh"": 0.25, ""atr_mult"": 3.5, ""don_len"": 15, ""chand_len"": 26}"
2026-07-25 06:17,ETCUSDT,15m,5000,-12.61,0.511,65,-1514.68,-8.61,0.248,24,False,"{""er_thresh"": 0.25, ""atr_mult"": 3.5, ""don_len"": 15, ""chand_len"": 22}"
2026-07-25 09:46,ETCUSDT,15m,5000,-12.61,0.511,65,-1514.74,-8.57,0.249,24,False,"{""er_thresh"": 0.25, ""atr_mult"": 3.5, ""don_len"": 15, ""chand_len"": 22}"
2026-07-25 13:23,ETCUSDT,15m,5000,-13.22,0.497,65,-1504.11,-7.4,0.258,21,False,"{""er_thresh"": 0.3, ""atr_mult"": 3.5, ""don_len"": 15, ""chand_len"": 22}"
2026-07-25 16:55,ETCUSDT,15m,5000,-13.22,0.497,65,-1504.11,-7.4,0.258,21,False,"{""er_thresh"": 0.3, ""atr_mult"": 3.5, ""don_len"": 15, ""chand_len"": 22}"
2026-07-25 20:51,ETCUSDT,15m,5000,-12.39,0.517,64,-1519.03,-7.94,0.266,23,False,"{""er_thresh"": 0.25, ""atr_mult"": 3.5, ""don_len"": 15, ""chand_len"": 22}"
2026-07-26 02:40,ETCUSDT,15m,5000,-12.44,0.515,63,-1518.18,-7.94,0.266,23,False,"{""er_thresh"": 0.25, ""atr_mult"": 3.5, ""don_len"": 15, ""chand_len"": 22}"
2026-07-26 06:35,ETCUSDT,15m,5000,-12.19,0.521,62,-1522.5,-9.07,0.238,25,False,"{""er_thresh"": 0.25, ""atr_mult"": 3.5, ""don_len"": 15, ""chand_len"": 22}"
2026-07-26 09:58,ETCUSDT,15m,5000,-12.17,0.521,62,-1522.77,-9.15,0.237,25,False,"{""er_thresh"": 0.25, ""atr_mult"": 3.5, ""don_len"": 15, ""chand_len"": 22}"
2026-07-26 13:19,ETCUSDT,15m,5000,-7.89,0.684,62,-1546.9,-5.34,0.52,25,False,"{""er_thresh"": 0.25, ""atr_mult"": 3.5, ""don_len"": 15, ""chand_len"": 22}"
2026-07-26 16:59,ETCUSDT,15m,5000,-8.68,0.662,63,-1545.46,-5.67,0.508,25,False,"{""er_thresh"": 0.25, ""atr_mult"": 3.5, ""don_len"": 15, ""chand_len"": 22}"
2026-07-26 20:57,ETCUSDT,15m,5000,-9.15,0.64,64,-1535.72,-5.0,0.542,25,False,"{""er_thresh"": 0.25, ""atr_mult"": 3.5, ""don_len"": 15, ""chand_len"": 22}"
2026-07-27 02:49,ETCUSDT,15m,5000,-10.24,0.598,64,-1517.44,-4.64,0.573,25,False,"{""er_thresh"": 0.25, ""atr_mult"": 3.5, ""don_len"": 15, ""chand_len"": 26}"
2026-07-27 07:29,ETCUSDT,15m,5000,-9.96,0.605,63,-1522.19,-4.21,0.618,25,False,"{""er_thresh"": 0.25, ""atr_mult"": 3.5, ""don_len"": 15, ""chand_len"": 22}"
2026-07-27 11:19,ETCUSDT,15m,5000,-9.95,0.605,63,-1522.24,-6.27,0.418,24,False,"{""er_thresh"": 0.25, ""atr_mult"": 3.5, ""don_len"": 15, ""chand_len"": 22}"
2026-07-27 14:31,ETCUSDT,15m,5000,-9.95,0.605,63,-1522.25,-6.53,0.404,24,False,"{""er_thresh"": 0.25, ""atr_mult"": 3.5, ""don_len"": 15, ""chand_len"": 22}"
2026-07-27 17:41,ETCUSDT,15m,5000,-10.07,0.602,63,-1520.18,-5.67,0.445,23,False,"{""er_thresh"": 0.25, ""atr_mult"": 3.5, ""don_len"": 15, ""chand_len"": 22}"
2026-07-27 21:09,ETCUSDT,15m,5000,-9.49,0.618,63,-1530.03,-5.58,0.454,23,False,"{""er_thresh"": 0.25, ""atr_mult"": 3.5, ""don_len"": 15, ""chand_len"": 22}"
2026-07-28 02:27,ETCUSDT,15m,5000,-9.3,0.624,62,-1533.56,-6.34,0.413,23,False,"{""er_thresh"": 0.25, ""atr_mult"": 3.5, ""don_len"": 15, ""chand_len"": 22}"
2026-07-28 06:26,ETCUSDT,15m,5000,-9.65,0.616,63,-1535.18,-6.91,0.375,23,False,"{""er_thresh"": 0.3, ""atr_mult"": 3.5, ""don_len"": 15, ""chand_len"": 22}"
2026-07-28 10:33,ETCUSDT,15m,5000,-9.65,0.617,63,-1535.31,-6.38,0.395,22,False,"{""er_thresh"": 0.3, ""atr_mult"": 3.5, ""don_len"": 15, ""chand_len"": 22}"
2026-07-28 14:03,ETCUSDT,15m,5000,-9.25,0.635,63,-1542.57,-6.38,0.395,22,False,"{""er_thresh"": 0.3, ""atr_mult"": 3.5, ""don_len"": 15, ""chand_len"": 22}"
2026-07-28 17:26,ETCUSDT,15m,5000,-9.81,0.621,64,-1542.68,-6.39,0.395,22,False,"{""er_thresh"": 0.3, ""atr_mult"": 3.5, ""don_len"": 15, ""chand_len"": 22}"
2026-07-28 21:06,ETCUSDT,15m,5000,-9.72,0.625,64,-1544.17,-6.03,0.409,22,False,"{""er_thresh"": 0.3, ""atr_mult"": 3.5, ""don_len"": 15, ""chand_len"": 22}"
2026-07-29 02:31,ETCUSDT,15m,5000,-11.54,0.556,64,-1512.98,-6.01,0.41,22,False,"{""er_thresh"": 0.3, ""atr_mult"": 3.5, ""don_len"": 15, ""chand_len"": 22}"
2026-07-29 06:29,ETCUSDT,15m,5000,-11.74,0.552,64,-1509.68,-6.54,0.389,22,False,"{""er_thresh"": 0.3, ""atr_mult"": 3.5, ""don_len"": 15, ""chand_len"": 22}"
2026-07-29 10:38,ETCUSDT,15m,5000,-11.6,0.555,64,-1512.01,-5.89,0.416,21,False,"{""er_thresh"": 0.3, ""atr_mult"": 3.5, ""don_len"": 15, ""chand_len"": 22}"
2026-07-29 14:07,ETCUSDT,15m,5000,-11.59,0.555,64,-1512.14,-5.89,0.416,21,False,"{""er_thresh"": 0.3, ""atr_mult"": 3.5, ""don_len"": 15, ""chand_len"": 22}"
2026-07-29 17:13,ETCUSDT,15m,5000,-11.01,0.57,63,-1522.67,-5.93,0.415,21,False,"{""er_thresh"": 0.3, ""atr_mult"": 3.5, ""don_len"": 15, ""chand_len"": 22}"
2026-07-29 20:54,ETCUSDT,15m,5000,-11.89,0.55,65,-1520.0,-6.7,0.384,22,False,"{""er_thresh"": 0.3, ""atr_mult"": 3.5, ""don_len"": 15, ""chand_len"": 22}"
2026-07-30 02:13,ETCUSDT,15m,5000,-11.13,0.568,64,-1533.15,-7.3,0.376,23,False,"{""er_thresh"": 0.25, ""atr_mult"": 3.5, ""don_len"": 15, ""chand_len"": 18}"
2026-07-30 06:27,ETCUSDT,15m,5000,-11.13,0.568,64,-1533.13,-7.28,0.377,23,False,"{""er_thresh"": 0.25, ""atr_mult"": 3.5, ""don_len"": 15, ""chand_len"": 18}"
2026-07-30 10:24,ETCUSDT,15m,5000,-10.6,0.586,63,-1542.19,-6.8,0.376,21,False,"{""er_thresh"": 0.3, ""atr_mult"": 3.5, ""don_len"": 15, ""chand_len"": 22}"
2026-07-30 13:57,ETCUSDT,15m,5000,-10.63,0.599,64,-1553.93,-7.51,0.353,22,False,"{""er_thresh"": 0.3, ""atr_mult"": 3.5, ""don_len"": 15, ""chand_len"": 22}"
2026-07-30 17:25,ETCUSDT,15m,5000,-11.02,0.583,64,-1547.31,-6.64,0.384,21,False,"{""er_thresh"": 0.3, ""atr_mult"": 3.5, ""don_len"": 15, ""chand_len"": 22}"
2026-07-30 21:08,ETCUSDT,15m,5000,-11.85,0.553,65,-1532.78,-6.66,0.384,21,False,"{""er_thresh"": 0.3, ""atr_mult"": 3.5, ""don_len"": 15, ""chand_len"": 26}"
2026-07-31 02:42,ETCUSDT,15m,5000,-11.53,0.561,63,-1538.29,-6.9,0.392,22,False,"{""er_thresh"": 0.25, ""atr_mult"": 3.5, ""don_len"": 15, ""chand_len"": 18}"
2026-07-31 06:42,ETCUSDT,15m,5000,-11.53,0.561,63,-1538.29,-8.27,0.347,24,False,"{""er_thresh"": 0.25, ""atr_mult"": 3.5, ""don_len"": 15, ""chand_len"": 18}"
2026-07-31 10:37,ETCUSDT,15m,5000,-11.53,0.561,63,-1538.29,-7.56,0.369,23,False,"{""er_thresh"": 0.25, ""atr_mult"": 3.5, ""don_len"": 15, ""chand_len"": 18}"
2026-07-31 14:03,ETCUSDT,15m,5000,-11.53,0.561,63,-1538.29,-7.56,0.369,23,False,"{""er_thresh"": 0.25, ""atr_mult"": 3.5, ""don_len"": 15, ""chand_len"": 18}"
2026-07-31 17:27,ETCUSDT,15m,5000,-11.53,0.561,63,-1538.29,-7.56,0.369,23,False,"{""er_thresh"": 0.25, ""atr_mult"": 3.5, ""don_len"": 15, ""chand_len"": 18}"
2026-07-31 21:02,ETCUSDT,15m,5000,-11.53,0.561,63,-1538.29,-6.9,0.392,22,False,"{""er_thresh"": 0.25, ""atr_mult"": 3.5, ""don_len"": 15, ""chand_len"": 18}"
2026-08-01 02:41,ETCUSDT,15m,5000,-11.57,0.56,63,-1538.29,-7.0,0.39,22,False,"{""er_thresh"": 0.25, ""atr_mult"": 3.5, ""don_len"": 15, ""chand_len"": 18}"
2026-08-01 06:28,ETCUSDT,15m,5000,-11.32,0.569,64,-1538.29,-6.29,0.428,23,False,"{""er_thresh"": 0.25, ""atr_mult"": 3.5, ""don_len"": 15, ""chand_len"": 18}"
2026-08-01 09:58,ETCUSDT,15m,5000,-11.32,0.569,64,-1538.29,-5.99,0.441,22,False,"{""er_thresh"": 0.25, ""atr_mult"": 3.5, ""don_len"": 15, ""chand_len"": 18}"
2026-08-01 13:17,ETCUSDT,15m,5000,-10.63,0.586,63,-1550.29,-5.14,0.484,22,False,"{""er_thresh"": 0.25, ""atr_mult"": 3.5, ""don_len"": 15, ""chand_len"": 18}"
2026-08-01 16:58,ETCUSDT,15m,5000,-10.96,0.577,63,-1544.57,-5.27,0.449,20,False,"{""er_thresh"": 0.3, ""atr_mult"": 3.5, ""don_len"": 15, ""chand_len"": 22}"
2026-08-01 20:53,ETCUSDT,15m,5000,-10.44,0.592,62,-1554.18,-5.31,0.449,20,False,"{""er_thresh"": 0.3, ""atr_mult"": 3.5, ""don_len"": 15, ""chand_len"": 22}"
2026-08-02 02:40,ETCUSDT,15m,5000,-9.94,0.61,62,-1550.61,-3.78,0.575,20,False,"{""er_thresh"": 0.3, ""atr_mult"": 3.5, ""don_len"": 15, ""chand_len"": 22}"
2026-08-02 06:31,ETCUSDT,15m,5000,-10.75,0.589,63,-1536.72,-3.78,0.575,20,False,"{""er_thresh"": 0.3, ""atr_mult"": 3.5, ""don_len"": 15, ""chand_len"": 22}"
2026-08-02 09:55,ETCUSDT,15m,5000,-10.75,0.589,63,-1536.69,-3.78,0.575,20,False,"{""er_thresh"": 0.3, ""atr_mult"": 3.5, ""don_len"": 15, ""chand_len"": 22}"
2026-08-02 13:17,ETCUSDT,15m,5000,-10.76,0.589,63,-1536.51,-3.78,0.575,20,False,"{""er_thresh"": 0.3, ""atr_mult"": 3.5, ""don_len"": 15, ""chand_len"": 22}"
2026-08-02 16:57,ETCUSDT,15m,5000,-10.36,0.604,64,-1535.92,-3.32,0.624,21,False,"{""er_thresh"": 0.3, ""atr_mult"": 3.5, ""don_len"": 15, ""chand_len"": 22}"
2026-08-02 20:54,ETCUSDT,15m,5000,-10.37,0.603,64,-1535.79,-3.32,0.624,21,False,"{""er_thresh"": 0.3, ""atr_mult"": 3.5, ""don_len"": 15, ""chand_len"": 22}"
2026-08-03 02:41,ETCUSDT,15m,5000,-9.51,0.626,63,-1550.61,-3.32,0.624,21,False,"{""er_thresh"": 0.3, ""atr_mult"": 3.5, ""don_len"": 15, ""chand_len"": 22}"
2026-08-03 06:59,ETCUSDT,15m,5000,-9.51,0.626,63,-1550.61,-1.89,0.773,21,False,"{""er_thresh"": 0.3, ""atr_mult"": 3.5, ""don_len"": 15, ""chand_len"": 22}"
2026-08-03 11:21,ETCUSDT,15m,5000,-10.16,0.609,64,-1539.47,-1.89,0.773,21,False,"{""er_thresh"": 0.3, ""atr_mult"": 3.5, ""don_len"": 15, ""chand_len"": 22}"
2026-08-03 14:36,ETCUSDT,15m,5000,-10.22,0.608,64,-1538.83,-1.92,0.774,21,False,"{""er_thresh"": 0.3, ""atr_mult"": 3.5, ""don_len"": 15, ""chand_len"": 22}"
2026-08-03 17:49,ETCUSDT,15m,5000,-9.95,0.615,64,-1543.57,-2.2,0.739,21,False,"{""er_thresh"": 0.3, ""atr_mult"": 3.5, ""don_len"": 15, ""chand_len"": 22}"
2026-08-03 21:01,ETCUSDT,15m,5000,-9.54,0.626,63,-1550.61,-2.21,0.738,21,False,"{""er_thresh"": 0.3, ""atr_mult"": 3.5, ""don_len"": 15, ""chand_len"": 22}"
2026-08-04 02:25,ETCUSDT,15m,5000,-10.06,0.614,64,-1550.61,-3.92,0.586,22,False,"{""er_thresh"": 0.3, ""atr_mult"": 3.5, ""don_len"": 15, ""chand_len"": 22}"
2026-08-04 06:26,ETCUSDT,15m,5000,-10.79,0.596,65,-1550.61,-4.11,0.574,22,False,"{""er_thresh"": 0.3, ""atr_mult"": 3.5, ""don_len"": 15, ""chand_len"": 22}"
2026-08-04 10:37,ETCUSDT,15m,5000,-11.66,0.577,66,-1550.61,-2.96,0.655,21,False,"{""er_thresh"": 0.3, ""atr_mult"": 3.5, ""don_len"": 15, ""chand_len"": 22}"
2026-08-04 14:08,ETCUSDT,15m,5000,-11.66,0.577,66,-1550.61,-2.96,0.655,21,False,"{""er_thresh"": 0.3, ""atr_mult"": 3.5, ""don_len"": 15, ""chand_len"": 22}"
2026-08-04 17:47,ETCUSDT,15m,5000,-11.66,0.577,66,-1550.6,-2.52,0.701,21,False,"{""er_thresh"": 0.3, ""atr_mult"": 3.5, ""don_len"": 15, ""chand_len"": 22}"
2026-08-04 20:33,ETCUSDT,15m,5000,-11.66,0.591,67,-1550.59,-2.51,0.701,21,False,"{""er_thresh"": 0.3, ""atr_mult"": 3.5, ""don_len"": 15, ""chand_len"": 22}"
2026-08-05 00:35,ETCUSDT,15m,5000,-11.21,0.602,67,-1558.5,-2.51,0.702,21,False,"{""er_thresh"": 0.3, ""atr_mult"": 3.5, ""don_len"": 15, ""chand_len"": 22}"
2026-08-05 05:05,ETCUSDT,15m,5000,-10.78,0.612,66,-1565.97,-3.67,0.602,21,False,"{""er_thresh"": 0.3, ""atr_mult"": 3.5, ""don_len"": 15, ""chand_len"": 22}"
2026-08-05 08:58,ETCUSDT,15m,5000,-10.82,0.612,66,-1565.91,-3.71,0.602,21,False,"{""er_thresh"": 0.3, ""atr_mult"": 3.5, ""don_len"": 15, ""chand_len"": 22}"
2026-08-05 12:39,ETCUSDT,15m,5000,-12.33,0.563,67,-1573.73,-3.31,0.629,21,False,"{""er_thresh"": 0.3, ""atr_mult"": 3.5, ""don_len"": 15, ""chand_len"": 22}"
2026-08-05 16:35,ETCUSDT,15m,5000,-12.31,0.56,66,-1574.07,-3.31,0.629,21,False,"{""er_thresh"": 0.3, ""atr_mult"": 3.5, ""don_len"": 15, ""chand_len"": 22}"
2026-08-05 20:32,ETCUSDT,15m,5000,-13.27,0.521,66,-1556.89,-3.11,0.644,20,False,"{""er_thresh"": 0.3, ""atr_mult"": 3.5, ""don_len"": 15, ""chand_len"": 22}"
2026-08-06 00:32,ETCUSDT,15m,5000,-13.9,0.494,66,-1545.49,-3.34,0.648,21,False,"{""er_thresh"": 0.25, ""atr_mult"": 3.5, ""don_len"": 15, ""chand_len"": 26}"
2026-08-06 05:05,ETCUSDT,15m,5000,-13.93,0.493,66,-1545.03,-3.06,0.668,21,False,"{""er_thresh"": 0.25, ""atr_mult"": 3.5, ""don_len"": 15, ""chand_len"": 26}"
2026-08-06 08:59,ETCUSDT,15m,5000,-14.86,0.453,66,-1528.35,-2.54,0.69,19,False,"{""er_thresh"": 0.3, ""atr_mult"": 3.5, ""don_len"": 15, ""chand_len"": 22}"
2026-08-06 12:41,ETCUSDT,15m,5000,-15.71,0.429,66,-1571.46,-2.54,0.692,19,False,"{""er_thresh"": 0.3, ""atr_mult"": 3.5, ""don_len"": 15, ""chand_len"": 22}"
2026-08-06 21:58,ETCUSDT,15m,5000,-16.27,0.42,67,-1627.12,-2.86,0.667,19,False,"{""er_thresh"": 0.3, ""atr_mult"": 3.5, ""don_len"": 15, ""chand_len"": 22}"
2026-08-07 01:16,ETCUSDT,15m,5000,-16.19,0.423,68,-1633.25,-2.67,0.685,20,False,"{""er_thresh"": 0.3, ""atr_mult"": 3.5, ""don_len"": 15, ""chand_len"": 22}"
2026-08-07 04:41,ETCUSDT,15m,5000,-16.42,0.419,69,-1656.83,-1.86,0.759,19,False,"{""er_thresh"": 0.3, ""atr_mult"": 3.5, ""don_len"": 15, ""chand_len"": 22}"
2026-08-07 08:26,ETCUSDT,15m,5000,-15.62,0.434,68,-1576.05,-1.68,0.777,20,False,"{""er_thresh"": 0.3, ""atr_mult"": 3.5, ""don_len"": 15, ""chand_len"": 22}"
2026-08-07 12:19,ETCUSDT,15m,5000,-15.02,0.445,67,-1536.45,-1.3,0.819,19,False,"{""er_thresh"": 0.3, ""atr_mult"": 3.5, ""don_len"": 15, ""chand_len"": 22}"
2026-08-07 16:19,ETCUSDT,15m,5000,-15.76,0.431,68,-1590.37,-1.28,0.822,19,False,"{""er_thresh"": 0.3, ""atr_mult"": 3.5, ""don_len"": 15, ""chand_len"": 22}"
2026-08-07 20:15,ETCUSDT,15m,5000,-16.43,0.419,68,-1657.7,-1.34,0.815,19,False,"{""er_thresh"": 0.3, ""atr_mult"": 3.5, ""don_len"": 15, ""chand_len"": 22}"
2026-08-08 00:19,ETCUSDT,15m,5000,-15.97,0.427,68,-1611.23,-0.75,0.887,18,False,"{""er_thresh"": 0.3, ""atr_mult"": 3.5, ""don_len"": 15, ""chand_len"": 22}"
2026-08-08 04:25,ETCUSDT,15m,5000,-15.93,0.428,68,-1607.11,-0.31,0.951,17,False,"{""er_thresh"": 0.3, ""atr_mult"": 3.5, ""don_len"": 15, ""chand_len"": 22}"
2026-08-08 08:14,ETCUSDT,15m,5000,-15.54,0.435,67,-1568.56,-0.3,0.952,17,False,"{""er_thresh"": 0.3, ""atr_mult"": 3.5, ""don_len"": 15, ""chand_len"": 22}"
2026-08-08 12:10,ETCUSDT,15m,5000,-15.56,0.435,67,-1570.99,-0.17,0.973,16,False,"{""er_thresh"": 0.3, ""atr_mult"": 3.5, ""don_len"": 15, ""chand_len"": 22}"
2026-08-08 16:09,ETCUSDT,15m,5000,-14.8,0.449,66,-1540.46,0.1,1.016,15,True,"{""er_thresh"": 0.3, ""atr_mult"": 3.5, ""don_len"": 15, ""chand_len"": 22}"
2026-08-08 20:08,ETCUSDT,15m,5000,-14.36,0.441,61,-1489.8,-0.51,0.923,16,False,"{""er_thresh"": 0.3, ""atr_mult"": 3.5, ""don_len"": 15, ""chand_len"": 22}"
2026-08-09 00:20,ETCUSDT,15m,5000,-14.38,0.44,61,-1489.45,-1.77,0.728,16,False,"{""er_thresh"": 0.3, ""atr_mult"": 3.5, ""don_len"": 15, ""chand_len"": 22}"
2026-08-09 04:29,ETCUSDT,15m,5000,-13.96,0.449,60,-1496.74,-1.74,0.733,16,False,"{""er_thresh"": 0.3, ""atr_mult"": 3.5, ""don_len"": 15, ""chand_len"": 22}"
2026-08-09 08:15,ETCUSDT,15m,5000,-13.96,0.449,60,-1496.74,-1.83,0.718,15,False,"{""er_thresh"": 0.3, ""atr_mult"": 3.5, ""don_len"": 15, ""chand_len"": 22}"
2026-08-09 12:11,ETCUSDT,15m,5000,-13.96,0.449,60,-1496.73,-1.83,0.719,15,False,"{""er_thresh"": 0.3, ""atr_mult"": 3.5, ""don_len"": 15, ""chand_len"": 22}"
2026-08-09 16:09,ETCUSDT,15m,5000,-13.98,0.448,60,-1496.48,-2.9,0.63,17,False,"{""er_thresh"": 0.25, ""atr_mult"": 3.5, ""don_len"": 15, ""chand_len"": 26}"
2026-08-09 20:09,ETCUSDT,15m,5000,-13.97,0.448,60,-1496.55,-2.95,0.628,17,False,"{""er_thresh"": 0.25, ""atr_mult"": 3.5, ""don_len"": 15, ""chand_len"": 26}"
2026-08-10 00:21,ETCUSDT,15m,5000,-13.75,0.454,59,-1504.26,-3.62,0.579,18,False,"{""er_thresh"": 0.25, ""atr_mult"": 3.5, ""don_len"": 15, ""chand_len"": 26}"
2026-08-10 04:33,ETCUSDT,15m,5000,-14.4,0.442,60,-1568.31,-4.5,0.514,19,False,"{""er_thresh"": 0.25, ""atr_mult"": 3.5, ""don_len"": 15, ""chand_len"": 26}"
2026-08-10 08:35,ETCUSDT,15m,5000,-15.81,0.403,61,-1581.07,-4.46,0.518,19,False,"{""er_thresh"": 0.25, ""atr_mult"": 3.5, ""don_len"": 15, ""chand_len"": 26}"
2026-08-10 12:19,ETCUSDT,15m,5000,-15.68,0.405,60,-1568.32,-6.67,0.263,19,False,"{""er_thresh"": 0.25, ""atr_mult"": 3.5, ""don_len"": 15, ""chand_len"": 26}"
2026-08-10 16:19,ETCUSDT,15m,5000,-14.86,0.421,58,-1559.85,-7.19,0.187,18,False,"{""er_thresh"": 0.25, ""atr_mult"": 3.5, ""don_len"": 15, ""chand_len"": 26}"
2026-08-10 20:15,ETCUSDT,15m,5000,-14.89,0.421,58,-1562.83,-7.38,0.181,18,False,"{""er_thresh"": 0.25, ""atr_mult"": 3.5, ""don_len"": 15, ""chand_len"": 26}"
2026-08-11 00:20,ETCUSDT,15m,5000,-14.89,0.421,58,-1562.83,-5.94,0.194,15,False,"{""er_thresh"": 0.3, ""atr_mult"": 3.5, ""don_len"": 15, ""chand_len"": 22}"
2026-08-11 04:31,ETCUSDT,15m,5000,-15.06,0.417,59,-1579.53,-4.09,0.248,12,False,"{""er_thresh"": 0.35, ""atr_mult"": 3.5, ""don_len"": 15, ""chand_len"": 22}"
2026-08-11 08:23,ETCUSDT,15m,5000,-15.06,0.417,59,-1579.53,-5.99,0.142,15,False,"{""er_thresh"": 0.25, ""atr_mult"": 3.5, ""don_len"": 30, ""chand_len"": 22}"
2026-08-11 12:18,ETCUSDT,15m,5000,-15.06,0.418,59,-1579.68,-6.65,0.129,16,False,"{""er_thresh"": 0.25, ""atr_mult"": 3.5, ""don_len"": 30, ""chand_len"": 22}"
2026-08-11 16:19,ETCUSDT,15m,5000,-15.07,0.417,59,-1579.33,-7.26,0.118,17,False,"{""er_thresh"": 0.25, ""atr_mult"": 3.5, ""don_len"": 30, ""chand_len"": 22}"
2026-08-11 20:15,ETCUSDT,15m,5000,-14.35,0.431,58,-1592.85,-6.65,0.129,16,False,"{""er_thresh"": 0.25, ""atr_mult"": 3.5, ""don_len"": 30, ""chand_len"": 22}"
2026-08-12 00:24,ETCUSDT,15m,5000,-14.35,0.431,58,-1592.85,-5.58,0.151,15,False,"{""er_thresh"": 0.25, ""atr_mult"": 3.5, ""don_len"": 30, ""chand_len"": 22}"
2026-08-12 04:36,ETCUSDT,15m,5000,-14.35,0.431,58,-1592.85,-4.78,0.27,15,False,"{""er_thresh"": 0.25, ""atr_mult"": 3.5, ""don_len"": 30, ""chand_len"": 22}"
2026-08-12 08:31,ETCUSDT,15m,5000,-14.35,0.431,58,-1592.85,-5.51,0.153,14,False,"{""er_thresh"": 0.25, ""atr_mult"": 3.5, ""don_len"": 30, ""chand_len"": 22}"
2026-08-12 12:19,ETCUSDT,15m,5000,-14.37,0.431,58,-1595.56,-5.54,0.153,14,False,"{""er_thresh"": 0.25, ""atr_mult"": 3.5, ""don_len"": 30, ""chand_len"": 22}"
2026-08-12 16:20,ETCUSDT,15m,5000,-14.9,0.422,59,-1647.99,-6.11,0.14,15,False,"{""er_thresh"": 0.25, ""atr_mult"": 3.5, ""don_len"": 30, ""chand_len"": 22}"
2026-08-12 20:15,ETCUSDT,15m,5000,-14.92,0.422,59,-1650.53,-6.14,0.14,15,False,"{""er_thresh"": 0.25, ""atr_mult"": 3.5, ""don_len"": 30, ""chand_len"": 22}"
2026-08-13 00:25,ETCUSDT,15m,5000,-14.77,0.428,61,-1655.66,-5.35,0.183,16,False,"{""er_thresh"": 0.25, ""atr_mult"": 3.5, ""don_len"": 30, ""chand_len"": 22}"
2026-08-13 04:38,ETCUSDT,15m,5000,-14.8,0.428,61,-1655.67,-5.55,0.177,17,False,"{""er_thresh"": 0.25, ""atr_mult"": 3.5, ""don_len"": 30, ""chand_len"": 22}"
2026-08-13 08:33,ETCUSDT,15m,5000,-14.61,0.437,61,-1659.32,-4.57,0.196,14,False,"{""er_thresh"": 0.35, ""atr_mult"": 3.5, ""don_len"": 30, ""chand_len"": 22}"
2026-08-13 12:20,ETCUSDT,15m,5000,-13.96,0.449,61,-1675.28,-4.57,0.196,14,False,"{""er_thresh"": 0.35, ""atr_mult"": 3.5, ""don_len"": 30, ""chand_len"": 22}"
2026-08-13 16:20,ETCUSDT,15m,5000,-14.18,0.439,61,-1671.05,-5.09,0.244,17,False,"{""er_thresh"": 0.3, ""atr_mult"": 3.5, ""don_len"": 15, ""chand_len"": 22}"
2026-08-13 20:13,ETCUSDT,15m,5000,-15.56,0.377,61,-1644.15,-4.58,0.195,14,False,"{""er_thresh"": 0.35, ""atr_mult"": 3.5, ""don_len"": 30, ""chand_len"": 22}"
2026-08-14 00:26,ETCUSDT,15m,5000,-15.04,0.399,61,-1654.32,-3.75,0.23,13,False,"{""er_thresh"": 0.35, ""atr_mult"": 3.5, ""don_len"": 30, ""chand_len"": 22}"
2026-08-14 04:36,ETCUSDT,15m,5000,-16.2,0.367,61,-1634.95,-3.78,0.23,13,False,"{""er_thresh"": 0.35, ""atr_mult"": 3.5, ""don_len"": 30, ""chand_len"": 22}"
2026-08-14 08:31,ETCUSDT,15m,5000,-15.49,0.379,60,-1648.9,-3.78,0.23,13,False,"{""er_thresh"": 0.35, ""atr_mult"": 3.5, ""don_len"": 30, ""chand_len"": 22}"
2026-08-14 12:18,ETCUSDT,15m,5000,-15.49,0.379,60,-1648.91,-3.78,0.23,13,False,"{""er_thresh"": 0.35, ""atr_mult"": 3.5, ""don_len"": 30, ""chand_len"": 22}"
2026-08-14 16:19,ETCUSDT,15m,5000,-15.2,0.39,61,-1648.98,-2.96,0.386,14,False,"{""er_thresh"": 0.35, ""atr_mult"": 3.5, ""don_len"": 15, ""chand_len"": 22}"
2026-08-14 20:11,ETCUSDT,15m,5000,-15.15,0.381,61,-1650.05,-3.46,0.289,14,False,"{""er_thresh"": 0.35, ""atr_mult"": 3.5, ""don_len"": 30, ""chand_len"": 22}"
2026-08-15 00:14,ETCUSDT,15m,5000,-14.31,0.417,60,-1666.28,-3.46,0.289,14,False,"{""er_thresh"": 0.35, ""atr_mult"": 3.5, ""don_len"": 30, ""chand_len"": 22}"
2026-08-15 04:11,ETCUSDT,15m,5000,-14.24,0.42,60,-1667.74,-3.98,0.26,15,False,"{""er_thresh"": 0.35, ""atr_mult"": 3.5, ""don_len"": 30, ""chand_len"": 22}"
2026-08-15 08:07,ETCUSDT,15m,5000,-14.72,0.412,60,-1658.36,-3.08,0.376,15,False,"{""er_thresh"": 0.35, ""atr_mult"": 3.5, ""don_len"": 15, ""chand_len"": 26}"
2026-08-15 12:06,ETCUSDT,15m,5000,-15.27,0.361,59,-1647.57,-3.46,0.289,14,False,"{""er_thresh"": 0.35, ""atr_mult"": 3.5, ""don_len"": 30, ""chand_len"": 22}"
2026-08-15 16:05,ETCUSDT,15m,5000,-15.45,0.352,58,-1644.13,-3.46,0.289,14,False,"{""er_thresh"": 0.35, ""atr_mult"": 3.5, ""don_len"": 30, ""chand_len"": 22}"
2026-08-15 20:05,ETCUSDT,15m,5000,-16.16,0.321,58,-1643.9,-3.46,0.289,14,False,"{""er_thresh"": 0.35, ""atr_mult"": 3.5, ""don_len"": 30, ""chand_len"": 22}"
2026-08-16 00:14,ETCUSDT,15m,5000,-16.04,0.323,57,-1632.55,-3.46,0.289,14,False,"{""er_thresh"": 0.35, ""atr_mult"": 3.5, ""don_len"": 30, ""chand_len"": 22}"
2026-08-16 04:14,ETCUSDT,15m,5000,-16.11,0.322,58,-1636.24,-3.5,0.289,14,False,"{""er_thresh"": 0.35, ""atr_mult"": 3.5, ""don_len"": 30, ""chand_len"": 22}"
2026-08-16 08:08,ETCUSDT,15m,5000,-16.11,0.322,58,-1635.64,-3.48,0.29,14,False,"{""er_thresh"": 0.35, ""atr_mult"": 3.5, ""don_len"": 30, ""chand_len"": 22}"
2026-08-16 12:07,ETCUSDT,15m,5000,-15.12,0.339,56,-1537.44,-1.68,0.618,13,False,"{""er_thresh"": 0.35, ""atr_mult"": 3.5, ""don_len"": 30, ""chand_len"": 22}"
2026-08-16 16:05,ETCUSDT,15m,5000,-15.03,0.341,57,-1502.8,-2.07,0.561,14,False,"{""er_thresh"": 0.35, ""atr_mult"": 3.5, ""don_len"": 30, ""chand_len"": 22}"
2026-08-16 20:05,ETCUSDT,15m,5000,-15.05,0.341,57,-1505.0,-2.55,0.467,14,False,"{""er_thresh"": 0.35, ""atr_mult"": 3.5, ""don_len"": 30, ""chand_len"": 22}"
2026-08-17 00:14,ETCUSDT,15m,5000,-14.76,0.364,58,-1475.87,-3.28,0.398,16,False,"{""er_thresh"": 0.35, ""atr_mult"": 3.5, ""don_len"": 30, ""chand_len"": 22}"
2026-08-17 04:17,ETCUSDT,15m,5000,-15.25,0.356,59,-1525.35,-5.47,0.193,17,False,"{""er_thresh"": 0.25, ""atr_mult"": 3.5, ""don_len"": 30, ""chand_len"": 22}"
2026-08-17 08:15,ETCUSDT,15m,5000,-15.26,0.356,59,-1526.01,-5.47,0.193,17,False,"{""er_thresh"": 0.25, ""atr_mult"": 3.5, ""don_len"": 30, ""chand_len"": 22}"
2026-08-17 12:08,ETCUSDT,15m,5000,-14.45,0.371,58,-1452.41,-4.0,0.249,14,False,"{""er_thresh"": 0.35, ""atr_mult"": 3.5, ""don_len"": 30, ""chand_len"": 22}"
2026-08-17 16:06,ETCUSDT,15m,5000,-14.98,0.359,58,-1498.06,-4.0,0.249,14,False,"{""er_thresh"": 0.35, ""atr_mult"": 3.5, ""don_len"": 30, ""chand_len"": 22}"
2026-08-17 20:07,ETCUSDT,15m,5000,-14.51,0.368,57,-1451.36,-4.0,0.249,14,False,"{""er_thresh"": 0.35, ""atr_mult"": 3.5, ""don_len"": 30, ""chand_len"": 22}"
2026-08-18 00:14,ETCUSDT,15m,5000,-14.55,0.368,57,-1454.79,-4.0,0.249,14,False,"{""er_thresh"": 0.35, ""atr_mult"": 3.5, ""don_len"": 30, ""chand_len"": 22}"
2026-08-18 04:15,ETCUSDT,15m,5000,-13.62,0.405,57,-1444.87,-4.04,0.249,14,False,"{""er_thresh"": 0.35, ""atr_mult"": 3.5, ""don_len"": 30, ""chand_len"": 22}"
2026-08-18 08:11,ETCUSDT,15m,5000,-13.6,0.406,57,-1445.34,-4.78,0.217,15,False,"{""er_thresh"": 0.35, ""atr_mult"": 3.5, ""don_len"": 15, ""chand_len"": 22}"
2026-08-18 12:09,ETCUSDT,15m,5000,-13.41,0.416,58,-1454.8,-6.55,0.301,22,False,"{""er_thresh"": 0.25, ""atr_mult"": 3.5, ""don_len"": 15, ""chand_len"": 26}"
2026-08-18 16:08,ETCUSDT,15m,5000,-14.59,0.393,59,-1571.5,-3.06,0.425,15,False,"{""er_thresh"": 0.35, ""atr_mult"": 3.5, ""don_len"": 30, ""chand_len"": 22}"
2026-08-18 20:06,ETCUSDT,15m,5000,-13.88,0.406,58,-1501.75,-3.06,0.425,15,False,"{""er_thresh"": 0.35, ""atr_mult"": 3.5, ""don_len"": 30, ""chand_len"": 22}"
2026-08-19 00:13,ETCUSDT,15m,5000,-13.08,0.423,57,-1434.79,-2.5,0.477,14,False,"{""er_thresh"": 0.35, ""atr_mult"": 3.5, ""don_len"": 30, ""chand_len"": 22}"
2026-08-19 04:15,ETCUSDT,15m,5000,-13.08,0.423,57,-1434.79,-2.52,0.475,14,False,"{""er_thresh"": 0.35, ""atr_mult"": 3.5, ""don_len"": 30, ""chand_len"": 22}"
2026-08-19 08:12,ETCUSDT,15m,5000,-13.08,0.423,57,-1434.79,-2.64,0.462,14,False,"{""er_thresh"": 0.35, ""atr_mult"": 3.5, ""don_len"": 30, ""chand_len"": 22}"
2026-08-19 12:09,ETCUSDT,15m,5000,-13.08,0.423,57,-1434.79,-1.67,0.579,13,False,"{""er_thresh"": 0.35, ""atr_mult"": 3.5, ""don_len"": 30, ""chand_len"": 22}"
2026-08-19 16:08,ETCUSDT,15m,5000,-12.72,0.44,58,-1434.79,-1.74,0.572,14,False,"{""er_thresh"": 0.35, ""atr_mult"": 3.5, ""don_len"": 30, ""chand_len"": 26}"
2026-08-19 20:06,ETCUSDT,15m,5000,-13.37,0.427,59,-1434.79,-2.47,0.482,15,False,"{""er_thresh"": 0.35, ""atr_mult"": 3.5, ""don_len"": 30, ""chand_len"": 26}"
2026-08-20 00:14,ETCUSDT,15m,5000,-13.29,0.431,60,-1434.79,-2.38,0.501,16,False,"{""er_thresh"": 0.35, ""atr_mult"": 3.5, ""don_len"": 30, ""chand_len"": 26}"
2026-08-20 04:15,ETCUSDT,15m,5000,-13.29,0.431,60,-1434.79,-2.38,0.501,16,False,"{""er_thresh"": 0.35, ""atr_mult"": 3.5, ""don_len"": 30, ""chand_len"": 26}"
2026-08-20 08:13,ETCUSDT,15m,5000,-13.29,0.431,60,-1434.79,-3.14,0.43,17,False,"{""er_thresh"": 0.35, ""atr_mult"": 3.5, ""don_len"": 30, ""chand_len"": 26}"
2026-08-20 12:10,ETCUSDT,15m,5000,-13.31,0.431,60,-1434.73,-2.39,0.502,16,False,"{""er_thresh"": 0.35, ""atr_mult"": 3.5, ""don_len"": 30, ""chand_len"": 26}"
2026-08-20 16:09,ETCUSDT,15m,5000,-12.64,0.445,60,-1365.84,-1.84,0.569,15,False,"{""er_thresh"": 0.35, ""atr_mult"": 3.5, ""don_len"": 30, ""chand_len"": 26}"
2026-08-20 20:08,ETCUSDT,15m,5000,-11.85,0.479,61,-1366.12,-0.98,0.768,16,False,"{""er_thresh"": 0.35, ""atr_mult"": 3.5, ""don_len"": 30, ""chand_len"": 26}"
2026-08-21 00:15,ETCUSDT,15m,5000,-11.98,0.473,60,-1366.68,-0.98,0.768,16,False,"{""er_thresh"": 0.35, ""atr_mult"": 3.5, ""don_len"": 30, ""chand_len"": 26}"
2026-08-21 04:16,ETCUSDT,15m,5000,-11.99,0.473,60,-1366.75,-1.0,0.768,16,False,"{""er_thresh"": 0.35, ""atr_mult"": 3.5, ""don_len"": 15, ""chand_len"": 26}"
2026-08-21 08:14,ETCUSDT,15m,5000,-12.54,0.464,61,-1419.81,-1.0,0.768,16,False,"{""er_thresh"": 0.35, ""atr_mult"": 3.5, ""don_len"": 30, ""chand_len"": 26}"
2026-08-21 12:10,ETCUSDT,15m,5000,-9.41,0.583,61,-1344.43,1.09,1.258,17,True,"{""er_thresh"": 0.35, ""atr_mult"": 3.5, ""don_len"": 30, ""chand_len"": 26}"
2026-08-21 16:09,ETCUSDT,15m,5000,-8.38,0.582,52,-1127.52,1.9,1.517,17,True,"{""er_thresh"": 0.35, ""atr_mult"": 3.5, ""don_len"": 15, ""chand_len"": 26}"
2026-08-21 20:06,ETCUSDT,15m,5000,-8.59,0.584,53,-1146.45,1.66,1.458,16,True,"{""er_thresh"": 0.35, ""atr_mult"": 3.5, ""don_len"": 30, ""chand_len"": 26}"
2026-08-22 00:14,ETCUSDT,15m,5000,-7.92,0.597,51,-1081.64,1.62,1.447,16,True,"{""er_thresh"": 0.35, ""atr_mult"": 3.5, ""don_len"": 30, ""chand_len"": 26}"
2026-08-22 04:13,ETCUSDT,15m,5000,-8.27,0.586,52,-1115.91,1.52,1.42,15,True,"{""er_thresh"": 0.35, ""atr_mult"": 3.5, ""don_len"": 30, ""chand_len"": 26}"
2026-08-22 08:08,ETCUSDT,15m,5000,-3.56,0.82,53,-1099.71,6.54,2.788,16,True,"{""er_thresh"": 0.35, ""atr_mult"": 3.5, ""don_len"": 30, ""chand_len"": 26}"
2026-08-22 12:07,ETCUSDT,15m,5000,-3.37,0.829,52,-1081.64,6.54,2.788,16,True,"{""er_thresh"": 0.35, ""atr_mult"": 3.5, ""don_len"": 30, ""chand_len"": 26}"
2026-08-22 16:05,ETCUSDT,15m,5000,-3.37,0.829,52,-1081.65,6.54,2.788,16,True,"{""er_thresh"": 0.35, ""atr_mult"": 3.5, ""don_len"": 30, ""chand_len"": 26}"
2026-08-22 20:05,ETCUSDT,15m,5000,-3.37,0.829,52,-1081.6,6.54,2.788,16,True,"{""er_thresh"": 0.35, ""atr_mult"": 3.5, ""don_len"": 30, ""chand_len"": 26}"
2026-08-23 00:15,ETCUSDT,15m,5000,-3.37,0.828,52,-1081.9,6.54,2.788,16,True,"{""er_thresh"": 0.35, ""atr_mult"": 3.5, ""don_len"": 30, ""chand_len"": 26}"
2026-08-23 04:15,ETCUSDT,15m,5000,-3.36,0.829,52,-1081.36,6.54,2.788,16,True,"{""er_thresh"": 0.35, ""atr_mult"": 3.5, ""don_len"": 30, ""chand_len"": 26}"
2026-08-23 08:08,ETCUSDT,15m,5000,-3.08,0.841,51,-1073.43,6.54,2.788,16,True,"{""er_thresh"": 0.35, ""atr_mult"": 3.5, ""don_len"": 30, ""chand_len"": 26}"
2026-08-23 12:07,ETCUSDT,15m,5000,-3.08,0.841,51,-1073.43,6.54,2.789,16,True,"{""er_thresh"": 0.35, ""atr_mult"": 3.5, ""don_len"": 30, ""chand_len"": 26}"
2026-08-23 16:05,ETCUSDT,15m,5000,-3.08,0.841,51,-1073.4,6.55,2.794,16,True,"{""er_thresh"": 0.35, ""atr_mult"": 3.5, ""don_len"": 30, ""chand_len"": 26}"
2026-08-23 20:04,ETCUSDT,15m,5000,-3.08,0.841,51,-1073.45,6.55,2.794,16,True,"{""er_thresh"": 0.35, ""atr_mult"": 3.5, ""don_len"": 30, ""chand_len"": 26}"
2026-08-24 00:15,ETCUSDT,15m,5000,-3.08,0.841,51,-1073.44,6.62,2.843,16,True,"{""er_thresh"": 0.35, ""atr_mult"": 3.5, ""don_len"": 30, ""chand_len"": 26}"
2026-08-24 04:18,ETCUSDT,15m,5000,-3.07,0.842,51,-1073.5,7.3,3.449,15,True,"{""er_thresh"": 0.35, ""atr_mult"": 3.5, ""don_len"": 30, ""chand_len"": 26}"
2026-08-24 08:18,ETCUSDT,15m,5000,-3.26,0.832,50,-1071.48,7.3,3.449,15,True,"{""er_thresh"": 0.35, ""atr_mult"": 3.5, ""don_len"": 30, ""chand_len"": 26}"
2026-08-24 12:10,ETCUSDT,15m,5000,-3.26,0.832,50,-1071.5,7.3,3.449,15,True,"{""er_thresh"": 0.35, ""atr_mult"": 3.5, ""don_len"": 30, ""chand_len"": 26}"
2026-08-24 16:12,ETCUSDT,15m,5000,-3.26,0.832,50,-1071.45,7.3,3.449,15,True,"{""er_thresh"": 0.35, ""atr_mult"": 3.5, ""don_len"": 30, ""chand_len"": 26}"
